state,action,reward,done,next_state
[-0.5116968  0.       ],[-0.28776807],-0.00828104597687549,False,[-0.5122177 -0.0005209]
[-0.5122177 -0.0005209],[-0.03155569],-9.957617983625961e-05,False,[-0.51287127 -0.00065357]
[-0.51287127 -0.00065357],[0.41866553],-0.01752808245845614,False,[-5.1297730e-01 -1.0601688e-04]
[-5.1297730e-01 -1.0601688e-04],[-0.88679206],-0.07864001642644923,False,[-0.51449317 -0.00151585]
[-0.51449317 -0.00151585],[0.5215284],-0.027199189582214345,False,[-0.515295   -0.00080184]
[-0.515295   -0.00080184],[0.09834167],-0.0009671084768926087,False,[-0.51601166 -0.0007166 ]
[-0.51601166 -0.0007166 ],[0.80171776],-0.06427513637790981,False,[-5.1558256e-01  4.2907553e-04]
[-5.1558256e-01  4.2907553e-04],[-0.9318065],-0.0868263362250449,False,[-0.51661134 -0.00102875]
[-0.51661134 -0.00102875],[-0.63487667],-0.04030683841462555,False,[-0.5186448  -0.00203347]
[-0.5186448  -0.00203347],[-0.84291285],-0.07105020773549633,False,[-0.5219798  -0.00333499]
[-0.5219798  -0.00333499],[-0.8013777],-0.06422062399834126,False,[-0.526529  -0.0045492]
[-0.526529  -0.0045492],[0.41014877],-0.016822201321840514,False,[-0.530441 -0.003912]
[-0.530441 -0.003912],[0.37722138],-0.014229596628787623,False,[-0.5337358  -0.00329485]
[-0.5337358  -0.00329485],[-0.33712748],-0.011365493570160458,False,[-0.5374603  -0.00372453]
[-0.5374603  -0.00372453],[-0.20114186],-0.004045804947807686,False,[-0.5413826  -0.00392231]
[-0.5413826  -0.00392231],[0.36157855],-0.013073905065127978,False,[-0.5446292  -0.00324663]
[-0.5446292  -0.00324663],[0.2678236],-0.007172948432160187,False,[-0.5473165  -0.00268727]
[-0.5473165  -0.00268727],[2.021608e-05],-4.08689926307764e-11,False,[-0.54982597 -0.0025095 ]
[-0.54982597 -0.0025095 ],[0.45582515],-0.02077765673843466,False,[-0.55145526 -0.00162927]
[-0.55145526 -0.00162927],[0.25985405],-0.006752412651691575,False,[-0.55248606 -0.0010308 ]
[-0.55248606 -0.0010308 ],[-0.23286982],-0.005422835251104119,False,[-0.5536498  -0.00116372]
[-0.5536498  -0.00116372],[0.4661644],-0.021730925725720242,False,[-5.5388916e-01 -2.3940094e-04]
[-5.5388916e-01 -2.3940094e-04],[0.310162],-0.009620047108791496,False,[-5.5343646e-01  4.5270741e-04]
[-5.5343646e-01  4.5270741e-04],[0.7079615],-0.05012094850447433,False,[-0.5516983   0.00173813]
[-0.5516983   0.00173813],[0.8082335],-0.06532413897576249,False,[-0.5485374   0.00316098]
[-0.5485374   0.00316098],[0.681842],-0.04649085526399724,False,[-0.54416674  0.00437061]
[-0.54416674  0.00437061],[0.25621554],-0.0065646404246678895,False,[-0.53925765  0.00490909]
[-0.53925765  0.00490909],[-0.6932524],-0.04805988688404206,False,[-0.53527105  0.00398661]
[-0.53527105  0.00398661],[-0.37576774],-0.014120139264133602,False,[-0.5317606   0.00351049]
[-0.5317606   0.00351049],[0.7120807],-0.05070589476468399,False,[-0.52712077  0.00463981]
[-0.52712077  0.00463981],[-0.74566036],-0.05560093793769205,False,[-0.52357304  0.00354774]
[-0.52357304  0.00354774],[0.6574344],-0.04322199954265252,False,[-0.51903933  0.0045337 ]
[-0.51903933  0.0045337 ],[0.9652582],-0.09317233561710658,False,[-0.5130919   0.00594739]
[-0.5130919   0.00594739],[0.33228636],-0.011041422363291531,False,[-0.5067249   0.00636703]
[-0.5067249   0.00636703],[0.71539325],-0.05117874953066668,False,[-0.49941128  0.00731362]
[-0.49941128  0.00731362],[-0.37320805],-0.013928424556888787,False,[-0.4928387   0.00657256]
[-0.4928387   0.00657256],[0.6429525],-0.04133879195372323,False,[-0.4855321   0.00730662]
[-0.4855321   0.00730662],[0.5726098],-0.0327881962692814,False,[-0.47765145  0.00788065]
[-0.47765145  0.00788065],[0.66603607],-0.04436040457326876,False,[-0.46911526  0.00853619]
[-0.46911526  0.00853619],[0.3903561],-0.015237787984585882,False,[-0.46040034  0.00871492]
[-0.46040034  0.00871492],[-0.97385347],-0.09483905788787439,False,[-0.45361736  0.00678298]
[-0.45361736  0.00678298],[0.7520116],-0.05655214422579072,False,[-0.44622737  0.00738999]
[-0.44622737  0.00738999],[-0.9097922],-0.08277218195772207,False,[-0.44077715  0.00545021]
[-0.44077715  0.00545021],[-0.27243295],-0.00742197139452907,False,[-0.43635038  0.00442677]
[-0.43635038  0.00442677],[-0.33419272],-0.01116847761300912,False,[-0.43307182  0.00327856]
[-0.43307182  0.00327856],[-0.05623811],-0.0003162725560063251,False,[-0.43054825  0.00252357]
[-0.43054825  0.00252357],[-0.4851875],-0.02354069108503163,False,[-0.4294413   0.00110694]
[-0.4294413   0.00110694],[-0.12854868],-0.0016524763576061475,False,[-4.2922401e-01  2.1728718e-04]
[-4.2922401e-01  2.1728718e-04],[0.39002714],-0.015212116651259412,False,[-4.29120064e-01  1.03935614e-04]
[-4.29120064e-01  1.03935614e-04],[-0.7081945],-0.05015394416823824,False,[-0.43077755 -0.0016575 ]
[-0.43077755 -0.0016575 ],[0.8910705],-0.07940066094431729,False,[-0.43178564 -0.00100809]
[-0.43178564 -0.00100809],[-0.2984742],-0.008908684365975717,False,[-0.43392137 -0.00213572]
[-0.43392137 -0.00213572],[0.51999116],-0.027039080589480593,False,[-0.4359416  -0.00202023]
[-0.4359416  -0.00202023],[0.10104741],-0.0010210579383180597,False,[-0.43846014 -0.00251854]
[-0.43846014 -0.00251854],[0.34605184],-0.011975187733377713,False,[-0.4410912  -0.00263108]
[-0.4410912  -0.00263108],[-0.4707305],-0.02215872161839494,False,[-0.44504088 -0.00394969]
[-0.44504088 -0.00394969],[0.40720704],-0.016581757503715357,False,[-0.4489635  -0.00392262]
[-0.4489635  -0.00392262],[0.28967738],-0.008391298536167824,False,[-0.45300668 -0.0040432 ]
[-0.45300668 -0.0040432 ],[0.04923315],-0.00024239033998532113,False,[-0.45750153 -0.00449484]
[-0.45750153 -0.00449484],[0.83568305],-0.0698366156332586,False,[-0.46123534 -0.00373381]
[-0.46123534 -0.00373381],[0.16049153],-0.0025757529958529094,False,[-0.46519342 -0.00395807]
[-0.46519342 -0.00395807],[-0.00847599],-7.184232812852687e-06,False,[-0.46960002 -0.00440659]
[-0.46960002 -0.00440659],[0.9581882],-0.09181245809234184,False,[-0.47297254 -0.00337253]
[-0.47297254 -0.00337253],[0.20658731],-0.0042678318555999795,False,[-0.47641343 -0.00344089]
[-0.47641343 -0.00344089],[0.71039295],-0.05046581462020186,False,[-0.47914144 -0.00272801]
[-0.47914144 -0.00272801],[-0.46729925],-0.021836859161929657,False,[-0.48290285 -0.0037614 ]
[-0.48290285 -0.0037614 ],[-0.12168998],-0.0014808450079190295,False,[-0.48715124 -0.00424839]
[-0.48715124 -0.00424839],[0.25463197],-0.006483743828852174,False,[-0.49129048 -0.00413926]
[-0.49129048 -0.00413926],[0.48423335],-0.02344819368277351,False,[-0.49494532 -0.00365484]
[-0.49494532 -0.00365484],[0.26966113],-0.007271712423520072,False,[-0.4984103  -0.00346499]
[-0.4984103  -0.00346499],[-0.7892302],-0.062288435195297615,False,[-0.50324786 -0.00483756]
[-0.50324786 -0.00483756],[0.41934025],-0.017584624768234393,False,[-0.50760895 -0.00436109]
[-0.50760895 -0.00436109],[-0.18136476],-0.0032893176098333977,False,[-0.51236194 -0.00475302]
[-0.51236194 -0.00475302],[-0.2060811],-0.004246942276901167,False,[-0.5175083 -0.0051464]
[-0.5175083 -0.0051464],[0.3541866],-0.012544814371375779,False,[-0.5221691  -0.00466079]
[-0.5221691  -0.00466079],[-0.2198376],-0.004832857299124172,False,[-0.52717036 -0.00500127]
[-0.52717036 -0.00500127],[0.328342],-0.010780846286294922,False,[-0.53165233 -0.00448197]
[-0.53165233 -0.00448197],[0.6187738],-0.038288103786216256,False,[-0.53514576 -0.00349342]
[-0.53514576 -0.00349342],[-0.59612525],-0.035536530783873845,False,[-0.5394468  -0.00430102]
[-0.5394468  -0.00430102],[-0.60839397],-0.03701432192665131,False,[-0.54454154 -0.0050948 ]
[-0.54454154 -0.0050948 ],[0.16274726],-0.002648667190966592,False,[-0.5492352  -0.00469371]
[-0.5492352  -0.00469371],[0.6402725],-0.040994887186265316,False,[-0.55277646 -0.00354121]
[-0.55277646 -0.00354121],[-0.76062685],-0.05785532087628589,False,[-0.55724007 -0.0044636 ]
[-0.55724007 -0.0044636 ],[0.10493541],-0.0011011439776268618,False,[-0.5612944  -0.00405432]
[-0.5612944  -0.00405432],[0.49301264],-0.02430614601430401,False,[-0.56432706 -0.00303268]
[-0.56432706 -0.00303268],[0.63227934],-0.039977715930479364,False,[-0.5661066  -0.00177956]
[-0.5661066  -0.00177956],[-0.59085447],-0.03491089999465977,False,[-0.5684545 -0.0023479]
[-0.5684545 -0.0023479],[-0.6743036],-0.04546853331744991,False,[-0.5714784  -0.00302395]
[-0.5714784  -0.00302395],[0.21517803],-0.004630158362597592,False,[-0.5738217  -0.00234332]
[-0.5738217  -0.00234332],[0.50180966],-0.025181293147710806,False,[-0.57503706 -0.00121536]
[-0.57503706 -0.00121536],[-0.12189909],-0.0014859388315267064,False,[-0.576051   -0.00101395]
[-0.576051   -0.00101395],[-0.8127801],-0.06606114620629776,False,[-0.57789236 -0.00184135]
[-0.57789236 -0.00184135],[-0.94731545],-0.0897406570302394,False,[-0.5807493  -0.00285692]
[-0.5807493  -0.00285692],[0.99679613],-0.09936025270437768,False,[-0.58168447 -0.00093519]
[-0.58168447 -0.00093519],[-0.97506136],-0.0950744649956281,False,[-0.5836488  -0.00196434]
[-0.5836488  -0.00196434],[0.9662187],-0.09335785954490916,False,[-5.8371586e-01 -6.7068635e-05]
[-5.8371586e-01 -6.7068635e-05],[0.09892134],-0.0009785432236286919,False,[-5.831861e-01  5.297512e-04]
[-5.831861e-01  5.297512e-04],[0.9655699],-0.09323252576387553,False,[-0.58076346  0.00242263]
[-0.58076346  0.00242263],[-0.57952315],-0.03358470769264876,False,[-0.57878345  0.00197999]
[-0.57878345  0.00197999],[0.9121287],-0.08319787414748703,False,[-0.5750233   0.00376018]
[-0.5750233   0.00376018],[-0.7965667],-0.06345185470223101,False,[-0.5720738   0.00294948]
[-0.5720738   0.00294948],[-0.43489376],-0.018913257996879287,False,[-0.5694144   0.00265942]
[-0.5694144   0.00265942],[0.08926515],-0.0007968267506550442,False,[-0.5662785   0.00313586]
[-0.5662785   0.00313586],[0.6489963],-0.04211961890348484,False,[-0.56184995  0.00442858]
[-0.56184995  0.00442858],[-0.8373132],-0.07010933533658772,False,[-0.5583911   0.00345886]
[-0.5583911   0.00345886],[0.3878762],-0.015044795629851039,False,[-0.55408996  0.00430115]
[-0.55408996  0.00430115],[-0.3619444],-0.013100375392120701,False,[-0.55010337  0.00398659]
[-0.55010337  0.00398659],[-0.09404001],-0.0008843522803553051,False,[-0.54605925  0.00404411]
[-0.54605925  0.00404411],[-0.63117933],-0.03983873500694699,False,[-0.5427936   0.00326567]
[-0.5427936   0.00326567],[-0.19954033],-0.003981634407859702,False,[-0.53968334  0.00311024]
[-0.53968334  0.00311024],[-0.27911258],-0.007790383088428144,False,[-0.5368712   0.00281216]
[-0.5368712   0.00281216],[-0.21479166],-0.0046135455289814335,False,[-0.53428173  0.00258948]
[-0.53428173  0.00258948],[-0.74884474],-0.05607684487817011,False,[-0.5327354   0.00154633]
[-0.5327354   0.00154633],[-0.5037176],-0.025373142185870636,False,[-0.53187615  0.00085927]
[-0.53187615  0.00085927],[-0.6843478],-0.04683319228085772,False,[-5.3198135e-01 -1.0518183e-04]
[-5.3198135e-01 -1.0518183e-04],[0.38210222],-0.014600210748459208,False,[-5.314505e-01  5.308342e-04]
[-5.314505e-01  5.308342e-04],[-0.3435049],-0.011799562024043553,False,[-5.3137606e-01  7.4459400e-05]
[-5.3137606e-01  7.4459400e-05],[-0.7488707],-0.05608072815776133,False,[-0.5323666  -0.00099052]
[-0.5323666  -0.00099052],[0.69645107],-0.04850440900131758,False,[-5.3224665e-01  1.1990529e-04]
[-5.3224665e-01  1.1990529e-04],[-0.03155389],-9.956477741313586e-05,False,[-5.3210920e-01  1.3742624e-04]
[-5.3210920e-01  1.3742624e-04],[-0.8431248],-0.07108594399780409,False,[-0.53317267 -0.00106344]
[-0.53317267 -0.00106344],[0.29792586],-0.008875981787185428,False,[-0.53371745 -0.00054476]
[-0.53371745 -0.00054476],[0.13936199],-0.0019421764947541442,False,[-5.3397727e-01 -2.5983524e-04]
[-5.3397727e-01 -2.5983524e-04],[0.77105117],-0.05945199043554226,False,[-0.5330027   0.00097457]
[-0.5330027   0.00097457],[0.30716383],-0.00943496212688757,False,[-0.5314968   0.00150583]
[-0.5314968   0.00150583],[0.06815582],-0.0004645215484653298,False,[-0.5298295  0.0016673]
[-0.5298295  0.0016673],[0.22020675],-0.004849101381113052,False,[-0.5277852   0.00204433]
[-0.5277852   0.00204433],[0.13041957],-0.0017009263515772811,False,[-0.5255138   0.00227136]
[-0.5255138   0.00227136],[0.82298607],-0.06773060653920915,False,[-0.52199364  0.0035202 ]
[-0.52199364  0.0035202 ],[0.7779499],-0.06052060924004224,False,[-0.51731855  0.00467509]
[-0.51731855  0.00467509],[0.633133],-0.040085738831294654,False,[-0.51174086  0.00557769]
[-0.51174086  0.00557769],[-0.7237338],-0.05237905883200398,False,[-0.5073377   0.00440317]
[-0.5073377   0.00440317],[-0.19735934],-0.0038950708454770448,False,[-0.50335246  0.00398523]
[-0.50335246  0.00398523],[-0.5140039],-0.026419998132679725,False,[-0.50029     0.00306247]
[-0.50029     0.00306247],[0.24788497],-0.006144696027728736,False,[-0.49703035  0.00325962]
[-0.49703035  0.00325962],[-0.85050434],-0.07233576302177802,False,[-0.49524555  0.00178481]
[-0.49524555  0.00178481],[0.7019342],-0.04927116469701929,False,[-0.49262023  0.00262532]
[-0.49262023  0.00262532],[-0.10279839],-0.0010567508453737996,False,[-0.49038112  0.00223912]
[-0.49038112  0.00223912],[0.98232967],-0.09649715739110186,False,[-0.48691723  0.00346389]
[-0.48691723  0.00346389],[0.02456781],-6.0357714537176774e-05,False,[-0.48369104  0.00322619]
[-0.48369104  0.00322619],[0.9297571],-0.08644482988902383,False,[-0.4793688   0.00432223]
[-0.4793688   0.00432223],[-0.8593181],-0.07384275584287003,False,[-0.4766663  0.0027025]
[-0.4766663  0.0027025],[0.02275771],-5.179134049064817e-05,False,[-0.4742805  0.0023858]
[-0.4742805  0.0023858],[0.35165474],-0.012366105488992307,False,[-0.47173575  0.00254475]
[-0.47173575  0.00254475],[-0.32669696],-0.010673090505722717,False,[-0.47006845  0.0016673 ]
[-0.47006845  0.0016673 ],[0.09175929],-0.0008419768085198066,False,[-0.46866328  0.00140518]
[-0.46866328  0.00140518],[-0.6619226],-0.04381414940280735,False,[-4.6866113e-01  2.1442088e-06]
[-4.6866113e-01  2.1442088e-06],[0.6047552],-0.03657288795007254,False,[-0.46816203  0.00049911]
[-0.46816203  0.00049911],[-0.45450023],-0.02065704574034735,False,[-0.46875852 -0.0005965 ]
[-0.46875852 -0.0005965 ],[0.86107767],-0.07414547473707814,False,[-4.6847287e-01  2.8566318e-04]
[-4.6847287e-01  2.8566318e-04],[0.77769554],-0.06048103476685043,False,[-0.46743223  0.00104064]
[-0.46743223  0.00104064],[0.14807701],-0.0021926801218796754,False,[-0.46658874  0.0008435 ]
[-0.46658874  0.0008435 ],[0.8358825],-0.06986995285841183,False,[-0.4649169   0.00167183]
[-0.4649169   0.00167183],[0.36919865],-0.013630764325167723,False,[-0.46312913  0.00178778]
[-0.46312913  0.00178778],[-0.8231292],-0.06775416421826322,False,[-4.6302709e-01  1.0205231e-04]
[-4.6302709e-01  1.0205231e-04],[-0.6867078],-0.04715675952554399,False,[-0.46440688 -0.0013798 ]
[-0.46440688 -0.0013798 ],[-0.3121438],-0.009743375352832118,False,[-0.4666965  -0.00228963]
[-0.4666965  -0.00228963],[0.53609884],-0.028740196394677755,False,[-0.46860668 -0.00191018]
[-0.46860668 -0.00191018],[0.48369002],-0.023395603875820827,False,[-0.47020188 -0.00159521]
[-0.47020188 -0.00159521],[0.26584688],-0.0070674562696631865,False,[-0.47179708 -0.00159521]
[-0.47179708 -0.00159521],[-0.9039032],-0.08170409702417239,False,[-0.4751351  -0.00333801]
[-0.4751351  -0.00333801],[0.06155261],-0.0003788723369779812,False,[-0.47874296 -0.00360788]
[-0.47874296 -0.00360788],[0.50378007],-0.02537943558732856,False,[-0.48193058 -0.00318762]
[-0.48193058 -0.00318762],[-0.34958535],-0.012220991996074205,False,[-0.48595428 -0.00402369]
[-0.48595428 -0.00402369],[-0.07780056],-0.000605292667220625,False,[-0.4903764  -0.00442213]
[-0.4903764  -0.00442213],[-0.99765694],-0.09953193727512968,False,[-0.4965438  -0.00616737]
[-0.4965438  -0.00616737],[-0.17723282],-0.0031411471356312727,False,[-0.5031797  -0.00663591]
[-0.5031797  -0.00663591],[0.3528023],-0.012446946741079136,False,[-0.50943947 -0.00625975]
[-0.50943947 -0.00625975],[0.831205],-0.06909017693375433,False,[-0.51455855 -0.00511911]
[-0.51455855 -0.00511911],[-0.683129],-0.04666652478349285,False,[-0.52077013 -0.00621159]
[-0.52077013 -0.00621159],[0.7308692],-0.05341697495087061,False,[-0.5259066  -0.00513651]
[-0.5259066  -0.00513651],[-0.470439],-0.022131284050527802,False,[-0.5317315  -0.00582486]
[-0.5317315  -0.00582486],[0.9198891],-0.0846195942399973,False,[-0.5361155  -0.00438403]
[-0.5361155  -0.00438403],[-0.468995],-0.02199563146139747,False,[-0.5411092  -0.00499367]
[-0.5411092  -0.00499367],[0.11990389],-0.0014376943383575204,False,[-0.54579175 -0.00468255]
[-0.54579175 -0.00468255],[-0.828538],-0.06864752184111503,False,[-0.55155075 -0.00575903]
[-0.55155075 -0.00575903],[-0.3274224],-0.010720543473372946,False,[-0.5575915  -0.00604077]
[-0.5575915  -0.00604077],[0.9952176],-0.09904581137986704,False,[-0.56188494 -0.00429344]
[-0.56188494 -0.00429344],[-0.58274627],-0.03395932120739076,False,[-0.56676596 -0.00488104]
[-0.56676596 -0.00488104],[0.6304635],-0.03974842008108368,False,[-0.5703785 -0.0036125]
[-0.5703785 -0.0036125],[0.14508405],-0.002104938251556465,False,[-0.5734237  -0.00304518]
[-0.5734237  -0.00304518],[0.17198095],-0.0029577446219101414,False,[-0.57583857 -0.00241491]
[-0.57583857 -0.00241491],[0.7499677],-0.0562451542467457,False,[-0.5767383  -0.00089976]
[-0.5767383  -0.00089976],[-0.55796576],-0.031132578426900183,False,[-0.57807815 -0.00133985]
[-0.57807815 -0.00133985],[0.9554736],-0.0912929803771224,False,[-5.775780e-01  5.001421e-04]
[-5.775780e-01  5.001421e-04],[0.5572181],-0.031049198288224035,False,[-0.575839    0.00173905]
[-0.575839    0.00173905],[0.2676814],-0.007165332657753343,False,[-0.5733082   0.00253077]
[-0.5733082   0.00253077],[-0.7630951],-0.05823141024212966,False,[-0.57155067  0.00175757]
[-0.57155067  0.00175757],[0.3991649],-0.015933260564260456,False,[-0.568836    0.00271471]
[-0.568836    0.00271471],[0.25118303],-0.006309291606180523,False,[-0.56540626  0.00342973]
[-0.56540626  0.00342973],[0.6116441],-0.037410849188015405,False,[-0.5607463   0.00465993]
[-0.5607463   0.00465993],[-0.92952704],-0.086402052607815,False,[-0.55720264  0.00354367]
[-0.55720264  0.00354367],[0.44489518],-0.019793171947848354,False,[-0.55274004  0.00446261]
[-0.55274004  0.00446261],[-0.8366603],-0.07000005003112655,False,[-0.54931414  0.0034259 ]
[-0.54931414  0.0034259 ],[0.5263375],-0.027703116852423194,False,[-0.5449061   0.00440808]
[-0.5449061   0.00440808],[-0.51100963],-0.026113084557181667,False,[-0.5411048   0.00380126]
[-0.5411048   0.00380126],[0.30938786],-0.009572084957514805,False,[-0.53670824  0.00439658]
[-0.53670824  0.00439658],[0.7359037],-0.0541554226715224,False,[-0.5311095   0.00559873]
[-0.5311095   0.00559873],[-0.34892657],-0.0121749754037638,False,[-0.52597785  0.00513167]
[-0.52597785  0.00513167],[0.5349083],-0.028612688371504193,False,[-0.52002597  0.00595187]
[-0.52002597  0.00595187],[0.86334133],-0.0745358254644998,False,[-0.5128059   0.00722009]
[-0.5128059   0.00722009],[-0.99692374],-0.09938569527037977,False,[-0.5071621   0.00564377]
[-0.5071621   0.00564377],[-0.7951985],-0.06323406546509923,False,[-0.5028343   0.00432775]
[-0.5028343   0.00432775],[0.7510557],-0.05640846907417654,False,[-0.49753562  0.0052987 ]
[-0.49753562  0.0052987 ],[-0.5476798],-0.02999531435171008,False,[-0.4932537   0.00428191]
[-0.4932537   0.00428191],[0.48035055],-0.023073665471793348,False,[-0.48847854  0.00477516]
[-0.48847854  0.00477516],[-0.811077],-0.06578458978374471,False,[-0.4851829   0.00329563]
[-0.4851829   0.00329563],[0.84349316],-0.07114807170157499,False,[-0.48090953  0.00427339]
[-0.48090953  0.00427339],[0.08453881],-0.0007146810388627911,False,[-0.47682863  0.0040809 ]
[-0.47682863  0.0040809 ],[-0.9343132],-0.08729411147011348,False,[-0.47449884  0.0023298 ]
[-0.47449884  0.0023298 ],[-0.16343595],-0.002671131003850769,False,[-0.47278112  0.00171773]
[-0.47278112  0.00171773],[0.55530477],-0.030836338281056898,False,[-0.47061008  0.00217103]
[-0.47061008  0.00217103],[-0.75299317],-0.05669987087154063,False,[-0.4699643  0.0006458]
[-0.4699643  0.0006458],[-0.40773082],-0.016624441977961625,False,[-4.7033063e-01 -3.6632572e-04]
[-4.7033063e-01 -3.6632572e-04],[-0.4654685],-0.021666092084689927,False,[-0.47179297 -0.00146234]
[-0.47179297 -0.00146234],[-0.78709483],-0.06195182737215532,False,[-0.47482294 -0.00302996]
[-0.47482294 -0.00302996],[-0.50202596],-0.02520300663974382,False,[-0.47897047 -0.00414752]
[-0.47897047 -0.00414752],[0.26824138],-0.007195343562924084,False,[-0.48304933 -0.00407887]
[-0.48304933 -0.00407887],[-0.7807339],-0.0609545396659005,False,[-0.48860267 -0.00555334]
[-0.48860267 -0.00555334],[0.7821375],-0.06117390894932129,False,[-0.4932448  -0.00464212]
[-0.4932448  -0.00464212],[-0.8280264],-0.06856277421451439,False,[-0.4993563 -0.0061115]
[-0.4993563 -0.0061115],[-0.81378394],-0.06622443069476028,False,[-0.50687015 -0.00751384]
[-0.50687015 -0.00751384],[0.4578278],-0.020960630037967578,False,[-0.5138227  -0.00695251]
[-0.5138227  -0.00695251],[-0.9534845],-0.09091326452343118,False,[-0.5222787  -0.00845605]
[-0.5222787  -0.00845605],[-0.7101522],-0.050431615967073996,False,[-0.5318099  -0.00953118]
[-0.5318099  -0.00953118],[-0.24475564],-0.005990532361822099,False,[-0.54164666 -0.00983673]
[-0.54164666 -0.00983673],[-0.6189894],-0.038314788723625176,False,[-0.5522766  -0.01062992]
[-0.5522766  -0.01062992],[0.31477052],-0.0099080480093253,False,[-0.56221956 -0.00994295]
[-0.56221956 -0.00994295],[0.73096144],-0.05343046296815288,False,[-0.57077706 -0.0085575 ]
[-0.57077706 -0.0085575 ],[0.84182674],-0.07086722550052152,False,[-0.57771915 -0.0069421 ]
[-0.57771915 -0.0069421 ],[0.698816],-0.048834380383400246,False,[-0.5832089  -0.00548975]
[-0.5832089  -0.00548975],[0.52086985],-0.027130540179781806,False,[-0.5874727  -0.00426375]
[-0.5874727  -0.00426375],[-0.03658981],-0.0001338814105245112,False,[-0.5913152  -0.00384251]
[-0.5913152  -0.00384251],[-0.30346638],-0.00920918435733178,False,[-0.5951085  -0.00379332]
[-0.5951085  -0.00379332],[-0.84567195],-0.07151610500118047,False,[-0.5996381  -0.00452961]
[-0.5996381  -0.00452961],[0.9890068],-0.09781344847466791,False,[-0.60211885 -0.00248074]
[-0.60211885 -0.00248074],[0.09653894],-0.0009319766662528262,False,[-0.6038713  -0.00175246]
[-0.6038713  -0.00175246],[-0.521723],-0.02721948599226245,False,[-0.6058101 -0.0019388]
[-0.6058101 -0.0019388],[0.11166298],-0.0012468620308281387,False,[-0.6069711  -0.00116096]
[-0.6069711  -0.00116096],[-0.6181427],-0.03821004272800935,False,[-0.60844046 -0.00146938]
[-0.60844046 -0.00146938],[-0.8490074],-0.07208136122768885,False,[-0.61055386 -0.00211342]
[-0.61055386 -0.00211342],[-0.07213958],-0.0005204119511599325,False,[-0.6121307  -0.00157684]
[-0.6121307  -0.00157684],[-0.19744757],-0.003898554217947581,False,[-0.61334753 -0.0012168 ]
[-0.61334753 -0.0012168 ],[0.5555919],-0.030868233853889038,False,[-6.1306596e-01  2.8159705e-04]
[-6.1306596e-01  2.8159705e-04],[-0.66377527],-0.04405976027136696,False,[-6.1311704e-01 -5.1089461e-05]
[-6.1311704e-01 -5.1089461e-05],[0.28267473],-0.00799050028811088,False,[-0.61208075  0.00103627]
[-0.61208075  0.00103627],[0.31617963],-0.009996956041290162,False,[-0.60991436  0.00216639]
[-0.60991436  0.00216639],[0.92747945],-0.08602181226305881,False,[-0.6057166   0.00419776]
[-0.6057166   0.00419776],[0.6953253],-0.04834772936779395,False,[-0.59986615  0.00585042]
[-0.59986615  0.00585042],[-0.46957403],-0.02204997736080294,False,[-0.59415305  0.00571309]
[-0.59415305  0.00571309],[0.43203253],-0.018665210312395077,False,[-0.5872667   0.00688635]
[-0.5872667   0.00688635],[-0.2450472],-0.006004812863301035,False,[-0.5802733   0.00699339]
[-0.5802733   0.00699339],[0.15517765],-0.002408010393964233,False,[-0.5726241   0.00764917]
[-0.5726241   0.00764917],[0.3965453],-0.015724816777220953,False,[-0.5640137   0.00861036]
[-0.5640137   0.00861036],[-0.2372285],-0.005627736019824803,False,[-0.5554568   0.00855688]
[-0.5554568   0.00855688],[0.27443478],-0.007531444579190439,False,[-0.5462497   0.00920711]
[-0.5462497   0.00920711],[-0.7160681],-0.05127535080960435,False,[-0.53794694  0.00830276]
[-0.53794694  0.00830276],[-0.49837506],-0.024837769861007077,False,[-0.53028417  0.00766277]
[-0.53028417  0.00766277],[-0.8206514],-0.06734687400343234,False,[-0.5238022   0.00648193]
[-0.5238022   0.00648193],[0.1778273],-0.003162254814202825,False,[-0.517052   0.0067502]
[-0.517052   0.0067502],[0.6606839],-0.04365031764951369,False,[-0.50935984  0.00769213]
[-0.50935984  0.00769213],[0.49300447],-0.02430534084887137,False,[-0.501035    0.00832488]
[-0.501035    0.00832488],[-0.25773317],-0.006642638496865416,False,[-0.4932658   0.00776918]
[-0.4932658   0.00776918],[-0.903189],-0.08157503759847239,False,[-0.4870786   0.00618721]
[-0.4870786   0.00618721],[-0.8485424],-0.07200241914519304,False,[-0.48243755  0.00464104]
[-0.48243755  0.00464104],[0.95023507],-0.09029466859736637,False,[-0.4766791   0.00575847]
[-0.4766791   0.00575847],[-0.62639177],-0.039236664758881545,False,[-0.47221094  0.00446815]
[-0.47221094  0.00446815],[0.55521125],-0.03082595277000202,False,[-0.46729386  0.00491708]
[-0.46729386  0.00491708],[-0.82673913],-0.068349759304866,False,[-0.46403718  0.00325669]
[-0.46403718  0.00325669],[0.70888287],-0.05025149209549831,False,[-0.4601615   0.00387567]
[-0.4601615   0.00387567],[0.07154845],-0.0005119180269957946,False,[-0.45665142  0.00351008]
[-0.45665142  0.00351008],[0.7435124],-0.0552810677123091,False,[-0.4525248   0.00412662]
[-0.4525248   0.00412662],[0.1894488],-0.0035890849209438084,False,[-0.44864306  0.00388176]
[-0.44864306  0.00388176],[-0.9801956],-0.09607833788017538,False,[-0.44678903  0.00185403]
[-0.44678903  0.00185403],[0.76528573],-0.058566224909560566,False,[-0.44435805  0.00243097]
[-0.44435805  0.00243097],[0.65090615],-0.04236788103442599,False,[-0.44153944  0.0028186 ]
[-0.44153944  0.0028186 ],[0.5634215],-0.03174437729240367,False,[-0.43848494  0.00305449]
[-0.43848494  0.00305449],[-0.6567223],-0.043128418878092135,False,[-0.43704697  0.00143797]
[-0.43704697  0.00143797],[-0.35269868],-0.012439636151101753,False,[-4.3677992e-01  2.6704918e-04]
[-4.3677992e-01  2.6704918e-04],[-0.03668668],-0.00013459128516142422,False,[-4.3721169e-01 -4.3178524e-04]
[-4.3721169e-01 -4.3178524e-04],[0.9776997],-0.09558966975484431,False,[-4.3681762e-01  3.9408955e-04]
[-4.3681762e-01  3.9408955e-04],[-0.366015],-0.013396697087719733,False,[-0.43761608 -0.00079846]
[-0.43761608 -0.00079846],[-0.80960345],-0.06554577505954172,False,[-0.4402667  -0.00265061]
[-0.4402667  -0.00265061],[0.5892768],-0.034724713596210675,False,[-0.4426519 -0.0023852]
[-0.4426519 -0.0023852],[-0.5622443],-0.03161186484676506,False,[-0.44648162 -0.00382972]
[-0.44648162 -0.00382972],[-0.34180704],-0.011683205094737394,False,[-0.45139727 -0.00491566]
[-0.45139727 -0.00491566],[-0.22446355],-0.005038388628265356,False,[-0.4571869  -0.00578964]
[-0.4571869  -0.00578964],[-0.5656672],-0.031997939474252134,False,[-0.46431985 -0.00713294]
[-0.46431985 -0.00713294],[-0.6037263],-0.03644854784191729,False,[-0.47280064 -0.00848078]
[-0.47280064 -0.00848078],[-0.6545094],-0.042838258762755294,False,[-0.4826427  -0.00984206]
[-0.4826427  -0.00984206],[-0.58730686],-0.034492934440733335,False,[-0.49367213 -0.01102942]
[-0.49367213 -0.01102942],[0.7669152],-0.05881589272746766,False,[-0.5037753  -0.01010319]
[-0.5037753  -0.01010319],[0.26784205],-0.007173936608757004,False,[-0.5136253  -0.00985002]
[-0.5136253  -0.00985002],[0.56374055],-0.031780340937362796,False,[-0.52270454 -0.0090792 ]
[-0.52270454 -0.0090792 ],[-0.7033153],-0.049465243601406785,False,[-0.53284544 -0.01014088]
[-0.53284544 -0.01014088],[0.41287926],-0.01704692820121787,False,[-0.54229766 -0.00945222]
[-0.54229766 -0.00945222],[-0.8394604],-0.07046937177110522,False,[-0.5528689  -0.01057124]
[-0.5528689  -0.01057124],[0.44982186],-0.02023397053723466,False,[-0.5625462  -0.00967726]
[-0.5625462  -0.00967726],[0.8876352],-0.07878961975301345,False,[-0.57060057 -0.00805437]
[-0.57060057 -0.00805437],[-0.36180612],-0.013090367168864338,False,[-0.5788463  -0.00824573]
[-0.5788463  -0.00824573],[0.3129083],-0.009791159908765223,False,[-0.5862102  -0.00736391]
[-0.5862102  -0.00736391],[-0.8083478],-0.06534262000964333,False,[-0.5943198 -0.0081096]
[-0.5943198 -0.0081096],[0.01527095],-2.3320186534192545e-05,False,[-0.6018801  -0.00756026]
[-0.6018801  -0.00756026],[-0.73948675],-0.05468406592535793,False,[-0.6099678  -0.00808776]
[-0.6099678  -0.00808776],[0.92899406],-0.0863029962702754,False,[-0.6160216  -0.00605373]
[-0.6160216  -0.00605373],[-0.33552894],-0.011257966955228316,False,[-0.62189424 -0.0058727 ]
[-0.62189424 -0.0058727 ],[-0.88546324],-0.07840451454287632,False,[-0.62836856 -0.00647431]
[-0.62836856 -0.00647431],[-0.36445862],-0.013283008609193203,False,[-0.6346167 -0.0062481]
[-0.6346167 -0.0062481],[-0.33142743],-0.010984413813897566,False,[-0.6405446  -0.00592792]
[-0.6405446  -0.00592792],[-0.43850362],-0.019228542739178067,False,[-0.64627105 -0.00572646]
[-0.64627105 -0.00572646],[-0.11628324],-0.0013521791424441433,False,[-0.65127254 -0.00500147]
[-0.65127254 -0.00500147],[0.72490007],-0.052548010692285985,False,[-0.65425235 -0.00297981]
[-0.65425235 -0.00297981],[0.67353266],-0.04536462505200554,False,[-0.6552669  -0.00101451]
[-0.6552669  -0.00101451],[-0.35152352],-0.012356878410243155,False,[-6.5584666e-01 -5.7976326e-04]
[-6.5584666e-01 -5.7976326e-04],[-0.6597777],-0.0435306614606251,False,[-6.5645003e-01 -6.0338737e-04]
[-6.5645003e-01 -6.0338737e-04],[0.3693336],-0.013640730442329475,False,[-0.6555292   0.00092083]
[-0.6555292   0.00092083],[-0.23805363],-0.005666953302376343,False,[-0.6540016   0.00152759]
[-0.6540016   0.00152759],[-0.10164025],-0.001033073977129867,False,[-0.6516732  0.0023284]
[-0.6516732  0.0023284],[0.86127037],-0.07417866469657533,False,[-0.64711577  0.0045574 ]
[-0.64711577  0.0045574 ],[-0.24254936],-0.005883019193862893,False,[-0.6420169  0.0050989]
[-0.6420169  0.0050989],[-0.47838643],-0.022885357825706,False,[-0.636766    0.00525089]
[-0.636766    0.00525089],[-0.97625196],-0.0953067889014747,False,[-0.63214695  0.00461906]
[-0.63214695  0.00461906],[-0.73998415],-0.054757654920889826,False,[-0.6278381   0.00430888]
[-0.6278381   0.00430888],[0.64947814],-0.04218218510815497,False,[-0.6217859   0.00605221]
[-0.6217859   0.00605221],[0.39094704],-0.015283959113080316,False,[-0.6144214   0.00736443]
[-0.6144214   0.00736443],[0.60226595],-0.0362724279368777,False,[-0.60548085  0.0089406 ]
[-0.60548085  0.0089406 ],[0.57889014],-0.03351137997754883,False,[-0.5950639  0.0104169]
[-0.5950639  0.0104169],[0.27659562],-0.0076505138276133705,False,[-0.58370024  0.01136368]
[-0.58370024  0.01136368],[-0.64020103],-0.04098573615809223,False,[-0.57284856  0.0108517 ]
[-0.57284856  0.0108517 ],[-0.36089975],-0.013024862696457619,False,[-0.56217015  0.01067839]
[-0.56217015  0.01067839],[-0.44224897],-0.01955841517050141,False,[-0.5518665   0.01030365]
[-0.5518665   0.01030365],[0.4384],-0.01921945602926636,False,[-0.54069346  0.01117301]
[-0.54069346  0.01117301],[0.60446006],-0.036537196485628344,False,[-0.5284856   0.01220785]
[-0.5284856   0.01220785],[0.8732656],-0.07625928501410187,False,[-0.5149312  0.0135544]
[-0.5149312  0.0135544],[0.9394971],-0.08826548257634528,False,[-0.50003254  0.01489864]
[-0.50003254  0.01489864],[-0.4900999],-0.024019791876435194,False,[-0.48604566  0.01398689]
[-0.48604566  0.01398689],[-0.9411458],-0.08857553748869265,False,[-0.47375154  0.01229412]
[-0.47375154  0.01229412],[-0.25630757],-0.006569357152932387,False,[-0.46221435  0.0115372 ]
[-0.46221435  0.0115372 ],[-0.6778507],-0.04594816030330549,False,[-0.45215172  0.01006264]
[-0.45215172  0.01006264],[0.07726324],-0.0005969608795586778,False,[-0.44250494  0.00964677]
[-0.44250494  0.00964677],[-0.73737586],-0.054372315219451656,False,[-0.43456647  0.00793849]
[-0.43456647  0.00793849],[0.7867914],-0.06190406822830177,False,[-0.42610762  0.00845884]
[-0.42610762  0.00845884],[-0.3304331],-0.010918603388090364,False,[-0.41886523  0.00724239]
[-0.41886523  0.00724239],[0.704177],-0.04958652782850237,False,[-0.41133922  0.00752601]
[-0.41133922  0.00752601],[0.0085468],-7.304773258915657e-06,False,[-0.40462652  0.00671271]
[-0.40462652  0.00671271],[0.75272244],-0.05665910749164347,False,[-0.3976582   0.00696833]
[-0.3976582   0.00696833],[0.1584894],-0.002511889184873795,False,[-0.39137438  0.00628382]
[-0.39137438  0.00628382],[-0.94697857],-0.08967684102035492,False,[-0.3874769   0.00389747]
[-0.3874769   0.00389747],[0.5506305],-0.030319395838137454,False,[-0.38374624  0.00373064]
[-0.38374624  0.00373064],[-0.9829999],-0.09662888443813387,False,[-0.3825085   0.00123775]
[-0.3825085   0.00123775],[-0.90118194],-0.08121288822486009,False,[-0.38364938 -0.00114088]
[-0.38364938 -0.00114088],[0.42782113],-0.018303091889839695,False,[-0.38516757 -0.0015182 ]
[-0.38516757 -0.0015182 ],[0.6868267],-0.04717309239822498,False,[-0.38666418 -0.00149661]
[-0.38666418 -0.00149661],[-0.5706971],-0.032569521278944434,False,[-0.3900152  -0.00335102]
[-0.3900152  -0.00335102],[-0.13873973],-0.0019248714036813831,False,[-0.3945496  -0.00453441]
[-0.3945496  -0.00453441],[0.71296465],-0.05083185978088665,False,[-0.39895844 -0.00440883]
[-0.39895844 -0.00440883],[-0.29470456],-0.008685077560132015,False,[-0.4047225  -0.00576406]
[-0.4047225  -0.00576406],[-0.26599145],-0.00707514511305476,False,[-0.41175836 -0.00703584]
[-0.41175836 -0.00703584],[0.146847],-0.0021564039869353957,False,[-0.4193971  -0.00763872]
[-0.4193971  -0.00763872],[0.30219325],-0.009132076290357194,False,[-0.42735136 -0.00795428]
[-0.42735136 -0.00795428],[0.15061936],-0.002268619095141222,False,[-0.43579158 -0.00844022]
[-0.43579158 -0.00844022],[-0.35601106],-0.012674387687905499,False,[-0.44541678 -0.0096252 ]
[-0.44541678 -0.0096252 ],[-0.8758566],-0.07671247458390873,False,[-0.45693678 -0.01151999]
[-0.45693678 -0.01151999],[-0.45685768],-0.02087189409394341,False,[-0.46963868 -0.01270191]
[-0.46963868 -0.01270191],[0.63154674],-0.039885127945359505,False,[-0.4817962  -0.01215753]
[-0.4817962  -0.01215753],[0.463541],-0.02148702596836083,False,[-0.49357113 -0.01177491]
[-0.49357113 -0.01177491],[0.06021908],-0.0003626337057780274,False,[-0.50548065 -0.01190949]
[-0.50548065 -0.01190949],[-0.95846796],-0.09186608310321845,False,[-0.51896363 -0.01348301]
[-0.51896363 -0.01348301],[0.48157823],-0.023191759243617584,False,[-0.531759  -0.0127954]
[-0.531759  -0.0127954],[0.2615352],-0.006840065952948837,False,[-0.54410094 -0.01234191]
[-0.54410094 -0.01234191],[0.04000351],-0.00016002806786596935,False,[-0.5562292  -0.01212823]
[-0.5562292  -0.01212823],[0.7305372],-0.053368456571121214,False,[-0.56701726 -0.01078809]
[-0.56701726 -0.01078809],[-0.33426085],-0.01117303166080399,False,[-0.577982   -0.01096476]
[-0.577982   -0.01096476],[-0.5245137],-0.027511464400618024,False,[-0.58932745 -0.01134546]
[-0.58932745 -0.01134546],[-0.5805488],-0.033703693574711126,False,[-0.60105395 -0.01172651]
[-0.60105395 -0.01172651],[-0.59644103],-0.03557419028666686,False,[-0.6130994  -0.01204547]
[-0.6130994  -0.01204547],[-0.22056916],-0.004865075591394064,False,[-0.6248125  -0.01171311]
[-0.6248125  -0.01171311],[-0.9522172],-0.09067176364642507,False,[-0.63720644 -0.01239394]
[-0.63720644 -0.01239394],[0.26811814],-0.007188733864956021,False,[-0.6483625  -0.01115611]
[-0.6483625  -0.01115611],[-0.06007187],-0.00036086296475501545,False,[-0.6586947  -0.01033218]
[-0.6586947  -0.01033218],[-0.21325237],-0.004547657142936501,False,[-0.66836107 -0.00966635]
[-0.66836107 -0.00966635],[-0.77373296],-0.05986626937372286,False,[-0.6781361  -0.00977504]
[-0.6781361  -0.00977504],[0.43351662],-0.018793666119451304,False,[-0.6861429  -0.00800681]
[-0.6861429  -0.00800681],[0.12621334],-0.0015929807686533516,False,[-0.6927891  -0.00664616]
[-0.6927891  -0.00664616],[-0.9414762],-0.08863774838463456,False,[-0.6996323  -0.00684323]
[-0.6996323  -0.00684323],[0.2411957],-0.005817536261702139,False,[-0.704854  -0.0052217]
[-0.704854  -0.0052217],[-0.80078876],-0.06412626384390166,False,[-0.70998347 -0.00512948]
[-0.70998347 -0.00512948],[-0.7935833],-0.0629774412594216,False,[-0.71497715 -0.00499368]
[-0.71497715 -0.00499368],[0.88243514],-0.07786917815907124,False,[-0.7172894  -0.00231226]
[-0.7172894  -0.00231226],[0.49461946],-0.024464840913618335,False,[-7.1748739e-01 -1.9802804e-04]
[-7.1748739e-01 -1.9802804e-04],[0.9564986],-0.09148896155986677,False,[-0.7148771   0.00261026]
[-0.7148771   0.00261026],[0.96569234],-0.09325616980989118,False,[-0.7094612   0.00541594]
[-0.7094612   0.00541594],[-0.9671603],-0.09353990159512514,False,[-0.70417315  0.00528805]
[-0.70417315  0.00528805],[0.22576396],-0.005096936639018979,False,[-0.6972574   0.00691573]
[-0.6972574   0.00691573],[0.6537075],-0.042733350114212955,False,[-0.6881168   0.00914061]
[-0.6881168   0.00914061],[-0.32924527],-0.0108402447355477,False,[-0.67828566  0.00983114]
[-0.67828566  0.00983114],[-0.5903002],-0.03484543289176969,False,[-0.668221    0.01006465]
[-0.668221    0.01006465],[-0.46981493],-0.02207260650549694,False,[-0.6578101   0.01041088]
[-0.6578101   0.01041088],[-0.53695565],-0.02883213750296001,False,[-0.647225    0.01058505]
[-0.647225    0.01058505],[0.0790405],-0.0006247400251596425,False,[-0.63561535  0.0116097 ]
[-0.63561535  0.0116097 ],[0.6654831],-0.04428677791498928,False,[-0.622183    0.01343233]
[-0.622183    0.01343233],[0.11124933],-0.0012376412904714586,False,[-0.6078552   0.01432785]
[-0.6078552   0.01432785],[-0.15625514],-0.002441566905787007,False,[-0.5931365   0.01471868]
[-0.5931365   0.01471868],[0.3588608],-0.012878106712301829,False,[-0.57736176  0.01577473]
[-0.57736176  0.01577473],[0.69874555],-0.04882453418631805,False,[-0.56013745  0.01722433]
[-0.56013745  0.01722433],[0.8834911],-0.07805565218015467,False,[-0.5413144   0.01882306]
[-0.5413144   0.01882306],[-0.4535606],-0.02057172094760631,False,[-0.5230389   0.01827552]
[-0.5230389   0.01827552],[-0.14161536],-0.002005491046415475,False,[-0.50498    0.0180589]
[-0.50498    0.0180589],[0.08920988],-0.0007958403475577747,False,[-0.48692688  0.01805314]
[-0.48692688  0.01805314],[0.26436165],-0.006988708185942105,False,[-0.46875167  0.0181752 ]
[-0.46875167  0.0181752 ],[0.4133272],-0.017083936376110477,False,[-0.450366    0.01838569]
[-0.450366    0.01838569],[0.77722144],-0.06040731687681387,False,[-0.4313593   0.01900669]
[-0.4313593   0.01900669],[0.23482296],-0.005514182193628959,False,[-0.41268337  0.01867592]
[-0.41268337  0.01867592],[-0.46408668],-0.021537644804257017,False,[-0.39552018  0.01716319]
[-0.39552018  0.01716319],[0.27790323],-0.007723020468761721,False,[-0.37887725  0.01664292]
[-0.37887725  0.01664292],[0.4080629],-0.01665153344967516,False,[-0.36267388  0.01620338]
[-0.36267388  0.01620338],[-0.71349466],-0.05090746276654415,False,[-0.34870133  0.01397254]
[-0.34870133  0.01397254],[0.7589161],-0.05759536164795556,False,[-0.33484277  0.01385855]
[-0.33484277  0.01385855],[0.92318624],-0.08522728384897427,False,[-0.32094064  0.01390211]
[-0.32094064  0.01390211],[-0.9574921],-0.09167911466743704,False,[-0.3099028   0.01103786]
[-0.3099028   0.01103786],[-0.48776823],-0.02379178489507048,False,[-0.30109176  0.00881104]
[-0.30109176  0.00881104],[0.18691012],-0.0034935393942675756,False,[-0.29354796  0.0075438 ]
[-0.29354796  0.0075438 ],[0.39028463],-0.015232209060020187,False,[-0.28701037  0.00653759]
[-0.28701037  0.00653759],[-0.5999734],-0.03599680573873663,False,[-0.28300187  0.00400849]
[-0.28300187  0.00400849],[0.13799408],-0.0019042366330851658,False,[-0.2804382   0.00256366]
[-0.2804382   0.00256366],[-0.00769383],-5.919509089574726e-06,False,[-0.2795523   0.00088591]
[-0.2795523   0.00088591],[0.4047057],-0.01637867062499687,False,[-2.7973050e-01 -1.7818745e-04]
[-2.7973050e-01 -1.7818745e-04],[0.6855864],-0.04700287021015051,False,[-0.28055048 -0.00081997]
[-0.28055048 -0.00081997],[-0.07688084],-0.0005910663935403626,False,[-0.28315136 -0.00260087]
[-0.28315136 -0.00260087],[-0.79874194],-0.06379886814171556,False,[-0.28860134 -0.00544997]
[-0.28860134 -0.00544997],[0.3156323],-0.009962375731899531,False,[-0.29519793 -0.00659659]
[-0.29519793 -0.00659659],[-0.46631503],-0.021744970818468802,False,[-0.30407608 -0.00887814]
[-0.30407608 -0.00887814],[0.54483664],-0.029684696467656126,False,[-0.3136669  -0.00959084]
[-0.3136669  -0.00959084],[-0.49870253],-0.024870420953106986,False,[-0.32547826 -0.01181135]
[-0.32547826 -0.01181135],[-0.11628147],-0.0013521380764559832,False,[-0.33886397 -0.01338572]
[-0.33886397 -0.01338572],[0.64146507],-0.041147743328907894,False,[-0.35260317 -0.01373919]
[-0.35260317 -0.01373919],[-0.5177808],-0.02680969369578179,False,[-0.36834598 -0.01574281]
[-0.36834598 -0.01574281],[0.8474878],-0.07182355834778634,False,[-0.3839403  -0.01559433]
[-0.3839403  -0.01559433],[-0.24032931],-0.005775817738829603,False,[-0.4009122  -0.01697189]
[-0.4009122  -0.01697189],[-0.17056702],-0.002909310857567982,False,[-0.41903946 -0.01812726]
[-0.41903946 -0.01812726],[-0.8953279],-0.08016120945061544,False,[-0.4392811  -0.02024164]
[-0.4392811  -0.02024164],[-0.63765806],-0.04066078009690308,False,[-0.4611049  -0.02182379]
[-0.4611049  -0.02182379],[-0.2835789],-0.008041699393345514,False,[-0.48382002 -0.02271512]
[-0.48382002 -0.02271512],[0.4215443],-0.017769960818583286,False,[-0.50620043 -0.02238044]
[-0.50620043 -0.02238044],[-0.8737405],-0.07634224512944209,False,[-0.5300219  -0.02382148]
[-0.5300219  -0.02382148],[0.54382205],-0.029574242216909852,False,[-0.55297947 -0.02295757]
[-0.55297947 -0.02295757],[0.7036714],-0.049515343323708196,False,[-0.5746615 -0.021682 ]
[-0.5746615 -0.021682 ],[-0.22105189],-0.00488639366037893,False,[-0.59629357 -0.0216321 ]
[-0.59629357 -0.0216321 ],[-0.18122491],-0.003284246887620501,False,[-0.6176566  -0.02136304]
[-0.6176566  -0.02136304],[-0.8767215],-0.07686405909301045,False,[-0.6396386  -0.02198201]
[-0.6396386  -0.02198201],[-0.9152035],-0.08375974678553498,False,[-0.6621406  -0.02250199]
[-0.6621406  -0.02250199],[0.6686163],-0.04470477497534375,False,[-0.68263024 -0.02048966]
[-0.68263024 -0.02048966],[-0.89638835],-0.08035120774529539,False,[-0.7033165  -0.02068624]
[-0.7033165  -0.02068624],[-0.44214937],-0.019549606619499206,False,[-0.7233825  -0.02006594]
[-0.7233825  -0.02006594],[-0.5377561],-0.02891816073802289,False,[-0.74284476 -0.01946231]
[-0.74284476 -0.01946231],[-0.6894457],-0.04753353379756256,False,[-0.7618129  -0.01896816]
[-0.7618129  -0.01896816],[-0.41800496],-0.017472814643554192,False,[-0.7797697 -0.0179568]
[-0.7797697 -0.0179568],[-0.07904544],-0.0006248181154211497,False,[-0.7961074 -0.0163377]
[-0.7961074 -0.0163377],[0.6095625],-0.03715664611712697,False,[-0.8097071  -0.01359971]
[-0.8097071  -0.01359971],[-0.49557018],-0.02455898060807158,False,[-0.8221583 -0.0124512]
[-0.8221583 -0.0124512],[0.42997837],-0.018488139924102143,False,[-0.83201295 -0.00985465]
[-0.83201295 -0.00985465],[-0.38760027],-0.015023397154743013,False,[-0.8404521  -0.00843913]
[-0.8404521  -0.00843913],[-0.6607811],-0.04366316429429027,False,[-0.847848   -0.00739595]
[-0.847848   -0.00739595],[0.7854854],-0.06169872929524587,False,[-0.85199964 -0.00415163]
[-0.85199964 -0.00415163],[0.7833907],-0.061370099012671986,False,[-0.8528927  -0.00089309]
[-0.8528927  -0.00089309],[-0.19160447],-0.003671227110228248,False,[-0.85198605  0.00090666]
[-0.85198605  0.00090666],[-0.4061243],-0.016493694201793474,False,[-0.84960514  0.00238088]
[-0.84960514  0.00238088],[0.19185793],-0.003680946683802233,False,[-0.844863    0.00474215]
[-0.844863    0.00474215],[-0.50680906],-0.02568554190461647,False,[-0.83882767  0.00603534]
[-0.83882767  0.00603534],[0.06196207],-0.0003839297880862347,False,[-0.83067214  0.00815553]
[-0.83067214  0.00815553],[0.32036856],-0.01026360130629067,False,[-0.82004523  0.01062693]
[-0.82004523  0.01062693],[-0.3070868],-0.009430230001250895,False,[-0.80793726  0.01210794]
[-0.80793726  0.01210794],[-0.2769742],-0.007671470813170345,False,[-0.7943616   0.01357565]
[-0.7943616   0.01357565],[-0.70577914],-0.04981241877220591,False,[-0.78002995  0.01433164]
[-0.78002995  0.01433164],[0.9473828],-0.08975341843854637,False,[-0.7625382   0.01749178]
[-0.7625382   0.01749178],[0.29510546],-0.00870872309317292,False,[-0.7429613   0.01957691]
[-0.7429613   0.01957691],[-0.85803103],-0.07362172561129797,False,[-0.7231424   0.01981887]
[-0.7231424   0.01981887],[-0.91641927],-0.08398242741282616,False,[-0.7032894   0.01985303]
[-0.7032894   0.01985303],[0.9137544],-0.08349471100822292,False,[-0.6807824   0.02250701]
[-0.6807824   0.02250701],[-0.744863],-0.055482084957435875,False,[-0.658257    0.02252538]
[-0.658257    0.02252538],[-0.78127736],-0.06103943109546642,False,[-0.6359208   0.02233616]
[-0.6359208   0.02233616],[-0.06868916],-0.0004718200708231868,False,[-0.61286116  0.02305969]
[-0.61286116  0.02305969],[-0.44288313],-0.019614547028267284,False,[-0.5898043   0.02305686]
[-0.5898043   0.02305686],[0.5019053],-0.025190895232709922,False,[-0.5655013  0.024303 ]
[-0.5655013  0.024303 ],[-0.13738686],-0.0018875148878411353,False,[-0.5410909   0.02441036]
[-0.5410909   0.02441036],[0.962659],-0.0926712352880955,False,[-0.5151054   0.02598548]
[-0.5151054   0.02598548],[0.08010195],-0.0006416322707281319,False,[-0.4890635   0.02604194]
[-0.4890635   0.02604194],[-0.24183655],-0.005848491587676108,False,[-0.46364287  0.02542063]
[-0.46364287  0.02542063],[-0.9632496],-0.0927849837703608,False,[-0.44011435  0.02352851]
[-0.44011435  0.02352851],[0.7791677],-0.06071023230100003,False,[-0.4160367   0.02407765]
[-0.4160367   0.02407765],[-0.62135994],-0.038608818043464055,False,[-0.39368388  0.02235283]
[-0.39368388  0.02235283],[-0.8864878],-0.07858605876379308,False,[-0.37361068  0.02007321]
[-0.37361068  0.02007321],[-0.7372431],-0.05435274119448117,False,[-0.35573065  0.01788002]
[-0.35573065  0.01788002],[-0.47863835],-0.02290946710131472,False,[-0.33977506  0.01595559]
[-0.33977506  0.01595559],[0.32870573],-0.010804745565554087,False,[-0.32463625  0.0151388 ]
[-0.32463625  0.0151388 ],[-0.9522168],-0.09067168418724557,False,[-0.31233096  0.0123053 ]
[-0.31233096  0.0123053 ],[-0.02916084],-8.503547236140553e-05,False,[-0.30154994  0.01078102]
[-0.30154994  0.01078102],[0.22629589],-0.00512098291175711,False,[-0.29197437  0.00957556]
[-0.29197437  0.00957556],[0.43378773],-0.018817179757579884,False,[-0.28334883  0.00862553]
[-0.28334883  0.00862553],[0.4725101],-0.022326579404540327,False,[-0.27566442  0.00768442]
[-0.27566442  0.00768442],[0.9866171],-0.0973413278960834,False,[-0.2681928   0.00747162]
[-0.2681928   0.00747162],[-0.23527554],-0.005535457820504153,False,[-0.26280764  0.00538517]
[-0.26280764  0.00538517],[0.66818064],-0.044646537370070766,False,[-0.25818262  0.00462503]
[-0.25818262  0.00462503],[-0.02229602],-4.971124587216936e-05,False,[-0.2553779   0.00280474]
[-0.2553779   0.00280474],[0.985771],-0.09717444652006045,False,[-0.25289598  0.0024819 ]
[-0.25289598  0.0024819 ],[-0.02546903],-6.486713597389504e-05,False,[-0.25226665  0.00062935]
[-0.25226665  0.00062935],[-0.70245385],-0.04934414137679255,False,[-0.25450855 -0.00224192]
[-0.25450855 -0.00224192],[-0.48117974],-0.023153394604091295,False,[-0.25927827 -0.0047697 ]
[-0.25927827 -0.0047697 ],[-0.62995356],-0.039684149180519414,False,[-0.26677397 -0.00749572]
[-0.26677397 -0.00749572],[-0.19492175],-0.003799448739506084,False,[-0.27630326 -0.00952929]
[-0.27630326 -0.00952929],[0.6942718],-0.048201333630510136,False,[-0.28648034 -0.01017708]
[-0.28648034 -0.01017708],[-0.25552115],-0.006529105730174312,False,[-0.29867285 -0.01219251]
[-0.29867285 -0.01219251],[-0.19637887],-0.0038564661288857716,False,[-0.31272176 -0.01404889]
[-0.31272176 -0.01404889],[0.19447227],-0.003781946310809503,False,[-0.32795712 -0.01523535]
[-0.32795712 -0.01523535],[0.9614421],-0.09243709365012052,False,[-0.34313482 -0.0151777 ]
[-0.34313482 -0.0151777 ],[-0.0789756],-0.0006237145866754058,False,[-0.3597193  -0.01658449]
[-0.3597193  -0.01658449],[-0.8490634],-0.07209086511977603,False,[-0.37875757 -0.01903826]
[-0.37875757 -0.01903826],[0.9686692],-0.09383199727295165,False,[-0.39739525 -0.0186377 ]
[-0.39739525 -0.0186377 ],[0.53620344],-0.028751413336181388,False,[-0.41615272 -0.01875747]
[-0.41615272 -0.01875747],[0.3964839],-0.015719948150240273,False,[-0.4351074  -0.01895471]
[-0.4351074  -0.01895471],[0.38976148],-0.015191400950576028,False,[-0.4541334  -0.01902598]
[-0.4541334  -0.01902598],[-0.08232493],-0.0006777394023006755,False,[-0.4738001 -0.0196667]
[-0.4738001 -0.0196667],[-0.16070226],-0.002582521583829678,False,[-0.49407995 -0.02027985]
[-0.49407995 -0.02027985],[-0.32343474],-0.010461003123612846,False,[-0.515066  -0.0209861]
[-0.515066  -0.0209861],[-0.7777216],-0.06048508619756241,False,[-0.5372827  -0.02221668]
[-0.5372827  -0.02221668],[-0.51060754],-0.026072006052519116,False,[-0.56016266 -0.02287999]
[-0.56016266 -0.02287999],[-0.05501844],-0.0003027028317895156,False,[-0.58285147 -0.02268883]
[-0.58285147 -0.02268883],[0.47889203],-0.022933757479970396,False,[-0.6043799  -0.02152844]
[-0.6043799  -0.02152844],[-0.27827078],-0.007743462758071829,False,[-0.6257258 -0.0213459]
[-0.6257258 -0.0213459],[-0.6070647],-0.03685275790869582,False,[-0.6472283  -0.02150247]
[-0.6472283  -0.02150247],[-0.7295875],-0.05322979133375192,False,[-0.668919   -0.02169074]
[-0.668919   -0.02169074],[-0.9391591],-0.0882019806260903,False,[-0.6909628  -0.02204378]
[-0.6909628  -0.02204378],[0.6516073],-0.0424592040844857,False,[-0.710826   -0.01986322]
[-0.710826   -0.01986322],[0.72735906],-0.05290511970329703,False,[-0.72826666 -0.01744065]
[-0.72826666 -0.01744065],[0.19707796],-0.003883972222944099,False,[-0.74397135 -0.01570467]
[-0.74397135 -0.01570467],[0.8941482],-0.0799500951609705,False,[-0.7567998  -0.01282845]
[-0.7567998  -0.01282845],[0.49422187],-0.024425525296183893,False,[-0.7672772  -0.01047734]
[-0.7672772  -0.01047734],[0.5369929],-0.028836138273119618,False,[-0.77527994 -0.00800274]
[-0.77527994 -0.00800274],[0.99129725],-0.09826702279954135,False,[-0.78008246 -0.0048025 ]
[-0.78008246 -0.0048025 ],[-0.25570968],-0.00653874393894407,False,[-0.78352916 -0.00344671]
[-0.78352916 -0.00344671],[0.5009835],-0.0250984443865093,False,[-0.78446656 -0.00093741]
[-0.78446656 -0.00093741],[0.42815077],-0.01833130844619433,False,[-0.7829989   0.00146764]
[-0.7829989   0.00146764],[0.82547116],-0.06814026406078143,False,[-0.77853805  0.00446084]
[-0.77853805  0.00446084],[-0.38603002],-0.014901917505156704,False,[-0.77292526  0.00561281]
[-0.77292526  0.00561281],[-0.654303],-0.042811243449381566,False,[-0.7665935   0.00633175]
[-0.7665935   0.00633175],[-0.8025524],-0.06440903579872703,False,[-0.7598003   0.00679321]
[-0.7598003   0.00679321],[-0.66371846],-0.044052219678684425,False,[-0.7523757   0.00742457]
[-0.7523757   0.00742457],[-0.36588928],-0.013387496597592108,False,[-0.74391574  0.00845999]
[-0.74391574  0.00845999],[0.5772871],-0.03332603703146475,False,[-0.7330552   0.01086059]
[-0.7330552   0.01086059],[0.5845692],-0.03417211680312562,False,[-0.71984816  0.01320701]
[-0.71984816  0.01320701],[0.00905891],-8.206382428724377e-06,False,[-0.70523924  0.0146089 ]
[-0.70523924  0.0146089 ],[0.81989914],-0.06722346027054904,False,[-0.6881046   0.01713463]
[-0.6881046   0.01713463],[0.24851854],-0.006176146544705419,False,[-0.6694129   0.01869172]
[-0.6694129   0.01869172],[-0.02825587],-7.983944319523186e-05,False,[-0.6497045  0.0197084]
[-0.6497045  0.0197084],[0.87768203],-0.07703257461376758,False,[-0.6277562   0.02194831]
[-0.6277562   0.02194831],[-0.30851078],-0.009517890158258525,False,[-0.6055021   0.02225408]
[-0.6055021   0.02225408],[-0.83825386],-0.0702669526604737,False,[-0.5838973   0.02160481]
[-0.5838973   0.02160481],[0.48355204],-0.0233822574101513,False,[-0.56111735  0.02277991]
[-0.56111735  0.02277991],[0.42124376],-0.017744630281948393,False,[-0.5374248   0.02369257]
[-0.5374248   0.02369257],[-0.7863777],-0.06183899310714516,False,[-0.5148081   0.02261667]
[-0.5148081   0.02261667],[-0.27503595],-0.007564477245092238,False,[-0.4926699  0.0221382]
[-0.4926699  0.0221382],[-0.66025585],-0.04359377866159697,False,[-0.47175372  0.02091618]
[-0.47175372  0.02091618],[-0.44983467],-0.020235123446959682,False,[-0.45189956  0.01985415]
[-0.45189956  0.01985415],[-0.8882247],-0.07889431549154012,False,[-0.43391135  0.01798821]
[-0.43391135  0.01798821],[0.59671575],-0.03560696842812696,False,[-0.41569263  0.01821871]
[-0.41569263  0.01821871],[-0.87676],-0.07687081080350709,False,[-0.3995843   0.01610834]
[-0.3995843   0.01610834],[0.7019838],-0.04927812687596003,False,[-0.38333178  0.01625252]
[-0.38333178  0.01625252],[-0.08922207],-0.0007960578409452524,False,[-0.36823434  0.01509745]
[-0.36823434  0.01509745],[0.44063818],-0.019416200968125,False,[-0.35359943  0.01463491]
[-0.35359943  0.01463491],[-0.57681686],-0.033271768635913544,False,[-0.34105018  0.01254925]
[-0.34105018  0.01254925],[0.6059633],-0.03671915085097375,False,[-0.3288937   0.01215649]
[-0.3288937   0.01215649],[0.6344959],-0.04025850648603502,False,[-0.3171641   0.01172959]
[-0.3171641   0.01172959],[0.12801228],-0.0016387145017855655,False,[-0.30669367  0.01047043]
[-0.30669367  0.01047043],[-0.2739392],-0.007504268107527779,False,[-0.29814854  0.00854513]
[-0.29814854  0.00854513],[-0.02889538],-8.349430915686323e-05,False,[-0.29121163  0.00693691]
[-0.29121163  0.00693691],[-0.24684529],-0.006093259722718103,False,[-0.2862501   0.00496153]
[-0.2862501   0.00496153],[0.44553712],-0.019850332539042004,False,[-0.28225374  0.00399638]
[-0.28225374  0.00399638],[0.19091496],-0.003644852146131772,False,[-0.27962703  0.00262672]
[-0.27962703  0.00262672],[-0.36167818],-0.01308111081151573,False,[-0.27921355  0.00041346]
[-0.27921355  0.00041346],[-0.85189545],-0.07257258603642783,False,[-0.28175098 -0.00253742]
[-0.28175098 -0.00253742],[0.4087369],-0.016706586519019684,False,[-0.28533414 -0.00358317]
[-0.28533414 -0.00358317],[-0.11708088],-0.0013707932974776904,False,[-0.29073158 -0.00539745]
[-0.29073158 -0.00539745],[-0.04024744],-0.00016198564537717175,False,[-0.29779726 -0.00706569]
[-0.29779726 -0.00706569],[0.12719074],-0.0016177484066099092,False,[-0.3062391  -0.00844183]
[-0.3062391  -0.00844183],[-0.19397162],-0.0037624988981349583,False,[-0.31648898 -0.01024989]
[-0.31648898 -0.01024989],[-0.9428103],-0.08888912561524763,False,[-0.32960838 -0.0131194 ]
[-0.32960838 -0.0131194 ],[-0.02903026],-8.427557618775894e-05,False,[-0.3441455  -0.01453712]
[-0.3441455  -0.01453712],[0.13816175],-0.001908866878938742,False,[-0.3597572 -0.0156117]
[-0.3597572 -0.0156117],[-0.52176756],-0.027224138319059323,False,[-0.3773315  -0.01757428]
[-0.3773315  -0.01757428],[0.82074416],-0.06736209709828388,False,[-0.3947368 -0.0174053]
[-0.3947368 -0.0174053],[-0.96429324],-0.09298614556042253,False,[-0.4145311  -0.01979431]
[-0.4145311  -0.01979431],[-0.6427802],-0.04131663659018301,False,[-0.4360931  -0.02156197]
[-0.4360931  -0.02156197],[0.1376606],-0.0018950438808510663,False,[-0.45809737 -0.02200426]
[-0.45809737 -0.02200426],[0.2645166],-0.006996902745692069,False,[-0.48019296 -0.02209559]
[-0.48019296 -0.02209559],[0.05480188],-0.0003003246195479648,False,[-0.502531   -0.02233801]
[-0.502531   -0.02233801],[0.92586017],-0.08572170480034061,False,[-0.5236381  -0.02110713]
[-0.5236381  -0.02110713],[-0.5648148],-0.03190157650593051,False,[-0.5455922  -0.02195406]
[-0.5455922  -0.02195406],[0.46376187],-0.021507506844176662,False,[-0.5666858  -0.02109358]
[-0.5666858  -0.02109358],[0.4526102],-0.020485598833105103,False,[-0.5867782  -0.02009241]
[-0.5867782  -0.02009241],[-0.90528524],-0.08195413643490071,False,[-0.60775757 -0.02097933]
[-0.60775757 -0.02097933],[0.09282223],-0.0008615966633225337,False,[-0.62797314 -0.02021559]
[-0.62797314 -0.02021559],[-0.6924812],-0.04795302397321031,False,[-0.64845735 -0.02048423]
[-0.64845735 -0.02048423],[0.4640802],-0.02153704454907626,False,[-0.66733074 -0.01887342]
[-0.66733074 -0.01887342],[0.37118116],-0.013777545369600208,False,[-0.6846025  -0.01727175]
[-0.6846025  -0.01727175],[-0.9070897],-0.0822811742415297,False,[-0.70207375 -0.01747127]
[-0.70207375 -0.01747127],[0.1685176],-0.002839818301639263,False,[-0.71801674 -0.01594297]
[-0.71801674 -0.01594297],[0.9902386],-0.09805724986542295,False,[-0.7310975  -0.01308076]
[-0.7310975  -0.01308076],[0.329319],-0.01084510039218003,False,[-0.74222666 -0.01112912]
[-0.74222666 -0.01112912],[0.61187184],-0.037438714683459294,False,[-0.7509133  -0.00868666]
[-0.7509133  -0.00868666],[0.50793844],-0.025800146351730648,False,[-0.7572623 -0.006349 ]
[-0.7572623 -0.006349 ],[0.48722556],-0.023738874859174166,False,[-0.761268   -0.00400572]
[-0.761268   -0.00400572],[-0.8171736],-0.06677726928586623,False,[-0.7648642 -0.0035962]
[-0.7648642 -0.0035962],[0.4595128],-0.021115201334385693,False,[-0.76611555 -0.00125135]
[-0.76611555 -0.00125135],[-0.6580792],-0.043306824261140166,False,[-7.666914e-01 -5.758595e-04]
[-7.666914e-01 -5.758595e-04],[-0.87658805],-0.07684066033556612,False,[-7.6691628e-01 -2.2491328e-04]
[-7.6691628e-01 -2.2491328e-04],[-0.30256993],-0.009154855998957956,False,[-0.765928    0.00098832]
[-0.765928    0.00098832],[0.3190451],-0.010178977368735876,False,[-0.7627995   0.00312844]
[-0.7627995   0.00312844],[-0.5844961],-0.03416356685586983,False,[-0.75890386  0.00389565]
[-0.75890386  0.00389565],[0.20418267],-0.004169056253246795,False,[-0.7530801   0.00582375]
[-0.7530801   0.00582375],[0.9713095],-0.09434421118653838,False,[-0.7442111   0.00886905]
[-0.7442111   0.00886905],[-0.01962393],-3.850986143072756e-05,False,[-0.73383504  0.01037603]
[-0.73383504  0.01037603],[0.48707843],-0.023724539528444666,False,[-0.7212541   0.01258094]
[-0.7212541   0.01258094],[0.7476392],-0.055896434231931386,False,[-0.70615464  0.01509946]
[-0.70615464  0.01509946],[-0.4319087],-0.018654512244911194,False,[-0.6904013   0.01575334]
[-0.6904013   0.01575334],[0.61760074],-0.038143067281609794,False,[-0.6725221  0.0178792]
[-0.6725221  0.0178792],[0.5089372],-0.025901705322937476,False,[-0.65279937  0.01972274]
[-0.65279937  0.01972274],[-0.3065032],-0.009394421558955292,False,[-0.6325914   0.02020791]
[-0.6325914   0.02020791],[-0.49531046],-0.024533244738773254,False,[-0.6123235  0.0202679]
[-0.6123235  0.0202679],[0.9368455],-0.08776794560115811,False,[-0.58999276  0.02233078]
[-0.58999276  0.02233078],[0.2296897],-0.005275735938475301,False,[-0.56682277  0.02316998]
[-0.56682277  0.02316998],[0.3164105],-0.01001156119345703,False,[-0.5428549   0.02396787]
[-0.5428549   0.02396787],[-0.6615407],-0.04376360806678328,False,[-0.519735   0.0231199]
[-0.519735   0.0231199],[-0.8036551],-0.06458615003844592,False,[-0.49784955  0.02188544]
[-0.49784955  0.02188544],[0.93467826],-0.08736234431957293,False,[-0.47475502  0.02309453]
[-0.47475502  0.02309453],[0.63426846],-0.040229648272245205,False,[-0.4510741   0.02368091]
[-0.4510741   0.02368091],[-0.591497],-0.034986870577899155,False,[-0.42882007  0.02225401]
[-0.42882007  0.02225401],[-0.45825484],-0.02099975020038878,False,[-0.40795475  0.02086533]
[-0.40795475  0.02086533],[0.99189305],-0.09838518286983913,False,[-0.38645163  0.02150313]
[-0.38645163  0.02150313],[0.16954492],-0.0028745480008105285,False,[-0.36569402  0.02075762]
[-0.36569402  0.02075762],[-0.22265303],-0.0049574372368979885,False,[-0.34641087  0.01928316]
[-0.34641087  0.01928316],[0.80757445],-0.0652176493859006,False,[-0.32718354  0.01922731]
[-0.32718354  0.01922731],[-0.33725786],-0.011374286554223546,False,[-0.30985147  0.01733209]
[-0.30985147  0.01733209],[0.08350835],-0.0006973644512220435,False,[-0.29388958  0.01596187]
[-0.29388958  0.01596187],[-0.57462364],-0.03301923326483269,False,[-0.2803793   0.01351028]
[-0.2803793   0.01351028],[0.45811877],-0.020987280426185695,False,[-0.26784837  0.01253092]
[-0.26784837  0.01253092],[-0.87104577],-0.07587207304053188,False,[-0.25835943  0.00948895]
[-0.25835943  0.00948895],[-0.90885365],-0.08260149572875122,False,[-0.25201967  0.00633976]
[-0.25201967  0.00633976],[0.42583343],-0.018133411339853557,False,[-0.24686003  0.00515964]
[-0.24686003  0.00515964],[-0.3276695],-0.010736730208522262,False,[-0.24403708  0.00282295]
[-0.24403708  0.00282295],[0.8838858],-0.07812541089238643,False,[-0.24174772  0.00228936]
[-0.24174772  0.00228936],[0.1269451],-0.0016115056706374144,False,[-0.24113879  0.00060893]
[-0.24113879  0.00060893],[-0.95169693],-0.09057270509793547,False,[-0.24383126 -0.00269248]
[-0.24383126 -0.00269248],[-0.3540341],-0.012534014113236314,False,[-0.24891524 -0.00508398]
[-0.24891524 -0.00508398],[-0.67065936],-0.04497839815414615,False,[-0.25683996 -0.00792472]
[-0.25683996 -0.00792472],[-0.26902887],-0.007237653410491963,False,[-0.2669621  -0.01012214]
[-0.2669621  -0.01012214],[-0.97237885],-0.09455206278946804,False,[-0.280283   -0.01332088]
[-0.280283   -0.01332088],[0.17025554],-0.002898694951410619,False,[-0.29501557 -0.01473258]
[-0.29501557 -0.01473258],[0.35952097],-0.012925532914607985,False,[-0.310792   -0.01577643]
[-0.310792   -0.01577643],[0.00035402],-1.2532779935917927e-08,False,[-0.3280577  -0.01726571]
[-0.3280577  -0.01726571],[0.56622374],-0.03206093243938,False,[-0.34585798 -0.01780026]
[-0.34585798 -0.01780026],[-0.4242322],-0.017997297198014996,False,[-0.36556536 -0.01970738]
[-0.36556536 -0.01970738],[0.50372905],-0.025374295117061154,False,[-0.3856585  -0.02009314]
[-0.3856585  -0.02009314],[-0.02198707],-4.83431466444393e-05,False,[-0.4067899  -0.02113139]
[-0.4067899  -0.02113139],[-0.00127309],-1.6207454527778903e-07,False,[-0.42878145 -0.02199155]
[-0.42878145 -0.02199155],[-0.91473806],-0.08367457166633728,False,[-0.45284668 -0.02406524]
[-0.45284668 -0.02406524],[-0.04258218],-0.0001813241766184748,False,[-0.47750244 -0.02465577]
[-0.47750244 -0.02465577],[0.3149271],-0.009917907902945444,False,[-0.50203043 -0.02452801]
[-0.50203043 -0.02452801],[0.87602264],-0.07674156603444296,False,[-0.52540606 -0.02337562]
[-0.52540606 -0.02337562],[-0.18308045],-0.0033518451062484415,False,[-0.54904276 -0.02363669]
[-0.54904276 -0.02363669],[-0.3478038],-0.01209674841974371,False,[-0.5730105  -0.02396775]
[-0.5730105  -0.02396775],[-0.28987986],-0.008403033236038837,False,[-0.5970438  -0.02403334]
[-0.5970438  -0.02403334],[-0.82103586],-0.06740998866391693,False,[-0.62176234 -0.0247185 ]
[-0.62176234 -0.0247185 ],[0.6849994],-0.046922418668305356,False,[-0.6447277  -0.02296537]
[-0.6447277  -0.02296537],[0.34315962],-0.011775852204880623,False,[-0.66628975 -0.02156202]
[-0.66628975 -0.02156202],[0.3310452],-0.010959093130327703,False,[-0.6863174  -0.02002766]
[-0.6863174  -0.02002766],[-0.7013497],-0.04918913675418857,False,[-0.70622456 -0.01990719]
[-0.70622456 -0.01990719],[0.5901461],-0.03482724481006052,False,[-0.72394437 -0.01771978]
[-0.72394437 -0.01771978],[-0.03032201],-9.19424046182147e-05,False,[-0.7402959  -0.01635152]
[-0.7402959  -0.01635152],[0.4714277],-0.022224408468496028,False,[-0.75442713 -0.01413123]
[-0.75442713 -0.01413123],[-0.69141316],-0.04780521635444188,False,[-0.76799935 -0.01357222]
[-0.76799935 -0.01357222],[0.4914996],-0.0241571859547296,False,[-0.7791612  -0.01116184]
[-0.7791612  -0.01116184],[-0.33000144],-0.010890095279425173,False,[-0.78908366 -0.00992246]
[-0.78908366 -0.00992246],[-0.05075654],-0.00025762263679427605,False,[-0.79729503 -0.00821139]
[-0.79729503 -0.00821139],[0.3221922],-0.010380780863579277,False,[-0.8031934  -0.00589838]
[-0.8031934  -0.00589838],[0.29236028],-0.00854745309733298,False,[-0.80679363 -0.00360026]
[-0.80679363 -0.00360026],[0.11972756],-0.0014334688476931368,False,[-0.8083368  -0.00154316]
[-0.8083368  -0.00154316],[0.04391429],-0.0001928465042536201,False,[-8.079289e-01  4.078522e-04]
[-8.079289e-01  4.078522e-04],[-0.8327791],-0.06935210451829654,False,[-0.8068871   0.00104181]
[-0.8068871   0.00104181],[-0.5456093],-0.02976895031921778,False,[-0.8047857   0.00210137]
[-0.8047857   0.00210137],[-0.94030136],-0.08841666451726873,False,[-0.80222726  0.00255846]
[-0.80222726  0.00255846],[0.98370266],-0.09676709225177547,False,[-0.7963385   0.00588874]
[-0.7963385   0.00588874],[-0.44786415],-0.020058229241286887,False,[-0.78929675  0.00704177]
[-0.78929675  0.00704177],[-0.81536466],-0.06648195268731208,False,[-0.7816897   0.00760704]
[-0.7816897   0.00760704],[-0.91648984],-0.08399536260054107,False,[-0.7737094  0.0079803]
[-0.7737094  0.0079803],[-0.94148093],-0.08863863502527672,False,[-0.76543665  0.00827278]
[-0.76543665  0.00827278],[0.5845216],-0.034166549112066846,False,[-0.7546283   0.01080836]
[-0.7546283   0.01080836],[0.6627431],-0.043922840544132674,False,[-0.7412285   0.01339977]
[-0.7412285   0.01339977],[0.16588345],-0.0027517319547976093,False,[-0.7260612  0.0151673]
[-0.7260612  0.0151673],[0.02429844],-5.90414309269597e-05,False,[-0.70943063  0.01663056]
[-0.70943063  0.01663056],[0.12481464],-0.0015578693610772078,False,[-0.6912902   0.01814044]
[-0.6912902   0.01814044],[0.6621064],-0.04383848779923625,False,[-0.6709513  0.0203389]
[-0.6709513  0.0203389],[-0.8997985],-0.08096373630230716,False,[-0.6508926   0.02005871]
[-0.6508926   0.02005871],[0.415249],-0.017243172374493555,False,[-0.6292794   0.02161325]
[-0.6292794   0.02161325],[-0.8994988],-0.0809098127729854,False,[-0.60823596  0.02104339]
[-0.60823596  0.02104339],[0.528989],-0.027982938011692583,False,[-0.5857711   0.02246485]
[-0.5857711   0.02246485],[0.91954756],-0.0845567711112608,False,[-0.5614633   0.02430777]
[-0.5614633   0.02430777],[0.6327445],-0.040036559101779196,False,[-0.53592306  0.02554026]
[-0.53592306  0.02554026],[0.67394847],-0.04542065358721495,False,[-0.5092795   0.02664359]
[-0.5092795   0.02664359],[0.7171663],-0.0514327508436864,False,[-0.48166752  0.02761198]
[-0.48166752  0.02761198],[-0.81491804],-0.06640914139209145,False,[-0.45559156  0.02607595]
[-0.45559156  0.02607595],[-0.43227208],-0.018685914821391238,False,[-0.43067053  0.02492102]
[-0.43067053  0.02492102],[-0.37669984],-0.014190276573575834,False,[-0.40700254  0.023668  ]
[-0.40700254  0.023668  ],[-0.8047893],-0.06476858250130704,False,[-0.38539848  0.02160407]
[-0.38539848  0.02160407],[0.9515538],-0.09054546753325213,False,[-0.36337414  0.02202434]
[-0.36337414  0.02202434],[0.6104976],-0.037270731213290276,False,[-0.34159002  0.02178414]
[-0.34159002  0.02178414],[0.71251494],-0.05076775353397842,False,[-0.32003534  0.02155467]
[-0.32003534  0.02155467],[0.16614175],-0.002760308057082739,False,[-0.29966503  0.0203703 ]
[-0.29966503  0.0203703 ],[-0.56539077],-0.03196667179014732,False,[-0.28169882  0.01796622]
[-0.28169882  0.01796622],[0.18056983],-0.0032605462623823914,False,[-0.2651209   0.01657793]
[-0.2651209   0.01657793],[0.2837967],-0.008054056571339974,False,[-0.24986733  0.01525356]
[-0.24986733  0.01525356],[0.8370357],-0.07006287891565002,False,[-0.23518813  0.01467921]
[-0.23518813  0.01467921],[-0.05767967],-0.0003326944108536845,False,[-0.22249855  0.01268958]
[-0.22249855  0.01268958],[0.6532729],-0.04267655168995113,False,[-0.2107925   0.01170605]
[-0.2107925   0.01170605],[0.10478161],-0.0010979186371301575,False,[-0.20094582  0.00984666]
[-0.20094582  0.00984666],[0.32229453],-0.01038737661645861,False,[-0.19267504  0.00827078]
[-0.19267504  0.00827078],[-0.36648452],-0.013431090546625057,False,[-0.18704784  0.0056272 ]
[-0.18704784  0.0056272 ],[0.48305002],-0.02333373204201559,False,[-0.18281269  0.00423515]
[-0.18281269  0.00423515],[0.5784625],-0.0334618842501655,False,[-0.17984319  0.0029695 ]
[-0.17984319  0.0029695 ],[-0.01422016],-2.0221296271636607e-05,False,[-0.1790399   0.00080329]
[-0.1790399   0.00080329],[0.48953947],-0.023964889684787584,False,[-0.17965026 -0.00061036]
[-0.17965026 -0.00061036],[-0.711419],-0.05061169740972815,False,[-0.18347338 -0.00382311]
[-0.18347338 -0.00382311],[0.7761029],-0.06023357121723763,False,[-0.1882631  -0.00478972]
[-0.1882631  -0.00478972],[-0.20029911],-0.004011973506472888,False,[-0.19546503 -0.00720192]
[-0.19546503 -0.00720192],[-0.80651814],-0.06504715060438607,False,[-0.20595908 -0.01049405]
[-0.20595908 -0.01049405],[0.8206889],-0.06735302760518813,False,[-0.21725987 -0.01130079]
[-0.21725987 -0.01130079],[0.28399763],-0.008065465106955915,False,[-0.23012218 -0.01286231]
[-0.23012218 -0.01286231],[0.92454267],-0.08547791402957615,False,[-0.2435252  -0.01340303]
[-0.2435252  -0.01340303],[-0.50527006],-0.02552978374503745,False,[-0.25954813 -0.01602291]
[-0.25954813 -0.01602291],[-0.62670857],-0.03927636281297886,False,[-0.27829078 -0.01874264]
[-0.27829078 -0.01874264],[0.6407102],-0.04105095283964353,False,[-0.29775053 -0.01945975]
[-0.29775053 -0.01945975],[-0.15594958],-0.0024320270781430734,False,[-0.31901142 -0.02126088]
[-0.31901142 -0.02126088],[-0.06802948],-0.00046280099031206225,False,[-0.34181422 -0.02280279]
[-0.34181422 -0.02280279],[0.45345798],-0.020562414084823732,False,[-0.36523363 -0.02341941]
[-0.36523363 -0.02341941],[-0.75451905],-0.05692989898003056,False,[-0.3909284  -0.02569474]
[-0.3909284  -0.02569474],[-0.9441522],-0.0891423332163388,False,[-0.4190083  -0.02807994]
[-0.4190083  -0.02807994],[-0.31996223],-0.010237583074150881,False,[-0.44833982 -0.0293315 ]
[-0.44833982 -0.0293315 ],[-0.4757221],-0.022631152053007586,False,[-0.47894457 -0.03060474]
[-0.47894457 -0.03060474],[-0.10944012],-0.001197713944414236,False,[-0.5100474  -0.03110281]
[-0.5100474  -0.03110281],[0.11795089],-0.0013912413380901046,False,[-0.5410749  -0.03102749]
[-0.5410749  -0.03102749],[0.48762706],-0.023778014888478173,False,[-0.5712399  -0.03016504]
[-0.5712399  -0.03016504],[0.3996366],-0.015970940921516165,False,[-0.6004494  -0.02920949]
[-0.6004494  -0.02920949],[-0.16850556],-0.002839412521084861,False,[-0.62934035 -0.02889096]
[-0.62934035 -0.02889096],[-0.60748804],-0.03690417140723099,False,[-0.65836275 -0.02902237]
[-0.65836275 -0.02902237],[0.42225775],-0.017830160847079758,False,[-0.6857683  -0.02740556]
[-0.6857683  -0.02740556],[0.14126116],-0.0019954715430120728,False,[-0.7117931  -0.02602481]
[-0.7117931  -0.02602481],[-0.38363403],-0.01471750696023868,False,[-0.7370557  -0.02526261]
[-0.7370557  -0.02526261],[-0.40616542],-0.016497034922346998,False,[-0.76143384 -0.02437812]
[-0.76143384 -0.02437812],[-0.6676096],-0.04457025411742421,False,[-0.7851772  -0.02374332]
[-0.7851772  -0.02374332],[-0.29880908],-0.008928686707690847,False,[-0.8076021  -0.02242494]
[-0.8076021  -0.02242494],[-0.15113066],-0.002284047680564094,False,[-0.82837224 -0.02077012]
[-0.82837224 -0.02077012],[0.50125074],-0.025125230822618506,False,[-0.8464101  -0.01803787]
[-0.8464101  -0.01803787],[0.3636882],-0.013226910733728038,False,[-0.86184245 -0.01543234]
[-0.86184245 -0.01543234],[0.73977435],-0.05472660835199719,False,[-0.8740418  -0.01219934]
[-0.8740418  -0.01219934],[-0.32675007],-0.010676560815132153,False,[-0.88456106 -0.01051925]
[-0.88456106 -0.01051925],[-0.07046946],-0.0004965944987389614,False,[-0.8929777  -0.00841667]
[-0.8929777  -0.00841667],[0.26421338],-0.006980871186081927,False,[-0.8987609  -0.00578318]
[-0.8987609  -0.00578318],[-0.10049972],-0.001010019359572656,False,[-0.90243864 -0.00367773]
[-0.90243864 -0.00367773],[0.62031853],-0.03847950811302923,False,[-9.029180e-01 -4.793192e-04]
[-9.029180e-01 -4.793192e-04],[0.905162],-0.08193182042703172,False,[-0.8997701   0.00314787]
[-0.8997701   0.00314787],[0.7931123],-0.06290270854899518,False,[-0.8931731   0.00659698]
[-0.8931731   0.00659698],[-0.9551932],-0.09123940905314819,False,[-0.8857711   0.00740202]
[-0.8857711   0.00740202],[0.9709186],-0.09426829196525013,False,[-0.8747002   0.01107092]
[-0.8747002   0.01107092],[0.664774],-0.04419244719331381,False,[-0.86045945  0.01424074]
[-0.86045945  0.01424074],[-0.99455094],-0.09891315789673741,False,[-0.8455927   0.01486677]
[-0.8455927   0.01486677],[-0.21826507],-0.004763964144181921,False,[-0.8289968   0.01659589]
[-0.8289968   0.01659589],[0.8290794],-0.06873726342133182,False,[-0.80917406  0.01982273]
[-0.80917406  0.01982273],[-0.04711754],-0.00022200628089269622,False,[-0.78753275  0.02164131]
[-0.78753275  0.02164131],[0.16064902],-0.002580810650226284,False,[-0.76387143  0.02366133]
[-0.76387143  0.02366133],[0.773511],-0.05983192555601172,False,[-0.7373998  0.0264716]
[-0.7373998  0.0264716],[-0.58666706],-0.034417824028878385,False,[-0.7103124  0.0270874]
[-0.7103124  0.0270874],[0.79766357],-0.06362671700283187,False,[-0.68070024  0.02961216]
[-0.68070024  0.02961216],[-0.09827296],-0.0009657574059392327,False,[-0.65010035  0.03059987]
[-0.65010035  0.03059987],[-0.8662364],-0.07503654810791183,False,[-0.6198737   0.03022667]
[-0.6198737   0.03022667],[-0.3166407],-0.010026133598071231,False,[-0.58940995  0.03046377]
[-0.58940995  0.03046377],[0.39674678],-0.015740801097032266,False,[-0.5578607   0.03154927]
[-0.5578607   0.03154927],[0.04256659],-0.00018119145851747676,False,[-0.525991    0.03186963]
[-0.525991    0.03186963],[0.10945845],-0.0011981153141839285,False,[-0.49393925  0.03205176]
[-0.49393925  0.03205176],[0.38141426],-0.014547684111871552,False,[-0.4615375   0.03240173]
[-0.4615375   0.03240173],[-0.2005822],-0.004023322146381148,False,[-0.42989942  0.03163809]
[-0.42989942  0.03163809],[-0.7722416],-0.05963570770436491,False,[-0.40011322  0.0297862 ]
[-0.40011322  0.0297862 ],[0.44423184],-0.019734192588210766,False,[-0.37056577  0.02954744]
[-0.37056577  0.02954744],[0.7737995],-0.05987656337126204,False,[-0.34096548  0.02960029]
[-0.34096548  0.02960029],[0.20582853],-0.0042365384822620426,False,[-0.31235868  0.02860679]
[-0.31235868  0.02860679],[-0.9365705],-0.08771643486160344,False,[-0.2866371   0.02572157]
[-0.2866371   0.02572157],[-0.73587],-0.05415046623458153,False,[-0.2636506  0.0229865]
[-0.2636506  0.0229865],[0.01538058],-2.365622404666562e-05,False,[-0.24239895  0.02125165]
[-0.24239895  0.02125165],[0.6015536],-0.03618667564212252,False,[-0.22211257  0.02028638]
[-0.22211257  0.02028638],[-0.4290735],-0.01841040791755724,False,[-0.20443502  0.01767754]
[-0.20443502  0.01767754],[-0.4719988],-0.02227828773665266,False,[-0.18950985  0.01492517]
[-0.18950985  0.01492517],[-0.9483761],-0.08994172633489975,False,[-0.17811398  0.01139587]
[-0.17811398  0.01139587],[-0.46421945],-0.021549969864089746,False,[-0.16956595  0.00854803]
[-0.16956595  0.00854803],[0.6166391],-0.038024375210159535,False,[-0.1622764   0.00728954]
[-0.1622764   0.00728954],[0.9605469],-0.09226503677759333,False,[-0.1557556   0.00652081]
[-0.1557556   0.00652081],[-0.8368379],-0.07002976503972747,False,[-0.15272205  0.00303355]
[-0.15272205  0.00303355],[0.21548456],-0.004643359539841541,False,[-0.15160744  0.00111461]
[-0.15160744  0.00111461],[-0.01577457],-2.4883718900726992e-05,False,[-0.15276234 -0.0011549 ]
[-0.15276234 -0.0011549 ],[-0.13469884],-0.0018143776957345815,False,[-0.15636131 -0.00359898]
[-0.15636131 -0.00359898],[0.5440967],-0.029604122798042455,False,[-0.1613741  -0.00501279]
[-0.1613741  -0.00501279],[0.22841959],-0.0052175507732608265,False,[-0.16825698 -0.00688287]
[-0.16825698 -0.00688287],[0.1495303],-0.0022359312549564913,False,[-0.17710377 -0.00884679]
[-0.17710377 -0.00884679],[-0.06421798],-0.00041239485989708616,False,[-0.18820225 -0.01109847]
[-0.18820225 -0.01109847],[0.6379014],-0.04069182284784034,False,[-0.20045586 -0.01225362]
[-0.20045586 -0.01225362],[0.6448551],-0.041583807682645,False,[-0.2138036  -0.01334774]
[-0.2138036  -0.01334774],[-0.45740533],-0.020921963476945395,False,[-0.22984059 -0.01603698]
[-0.22984059 -0.01603698],[-0.39606518],-0.015686762327021955,False,[-0.24840055 -0.01855996]
[-0.24840055 -0.01855996],[0.73297566],-0.05372533207246058,False,[-0.26769844 -0.01929787]
[-0.26769844 -0.01929787],[0.0916186],-0.0008393968774460582,False,[-0.28859508 -0.02089665]
[-0.28859508 -0.02089665],[0.97513944],-0.095089692569994,False,[-0.30964914 -0.02105405]
[-0.30964914 -0.02105405],[-0.13909516],-0.0019347462807922434,False,[-0.33240852 -0.02275938]
[-0.33240852 -0.02275938],[-0.8436751],-0.07117876354860223,False,[-0.35779    -0.02538148]
[-0.35779    -0.02538148],[-0.10968175],-0.0012030085812254898,False,[-0.3845289  -0.02673892]
[-0.3845289  -0.02673892],[0.55011284],-0.03026241405984962,False,[-0.4114557  -0.02692678]
[-0.4114557  -0.02692678],[0.17145652],-0.0029397336806514574,False,[-0.43895057 -0.02749489]
[-0.43895057 -0.02749489],[0.21991889],-0.004836431896505489,False,[-0.46674365 -0.02779307]
[-0.46674365 -0.02779307],[0.70743024],-0.050045754940732934,False,[-0.4938999  -0.02715627]
[-0.4938999  -0.02715627],[-0.14450099],-0.0020880534880298508,False,[-0.5214954  -0.02759547]
[-0.5214954  -0.02759547],[-0.77053833],-0.05937293181195855,False,[-0.55026245 -0.02876705]
[-0.55026245 -0.02876705],[0.6275467],-0.03938148953934082,False,[-0.5778884  -0.02762597]
[-0.5778884  -0.02762597],[-0.18911564],-0.003576472661690389,False,[-0.6053927  -0.02750427]
[-0.6053927  -0.02750427],[0.8768033],-0.0768783989930185,False,[-0.6309745  -0.02558175]
[-0.6309745  -0.02558175],[0.08638366],-0.0007462135966447514,False,[-0.6556352  -0.02466071]
[-0.6556352  -0.02466071],[0.843812],-0.0712018672494196,False,[-0.6780656  -0.02243041]
[-0.6780656  -0.02243041],[-0.6878982],-0.04732039591967272,False,[-0.70041037 -0.02234478]
[-0.70041037 -0.02234478],[-0.73561233],-0.05411255041981953,False,[-0.7225938  -0.02218343]
[-0.7225938  -0.02218343],[-0.72977555],-0.053257235043135155,False,[-0.7444665  -0.02187271]
[-0.7444665  -0.02187271],[-0.8931629],-0.07977399769578462,False,[-0.766141   -0.02167453]
[-0.766141   -0.02167453],[0.9730189],-0.09467657499026814,False,[-0.78469324 -0.01855225]
[-0.78469324 -0.01855225],[0.80963916],-0.06555155627093293,False,[-0.800267   -0.01557377]
[-0.800267   -0.01557377],[-0.8171818],-0.06677861361527562,False,[-0.81522167 -0.01495471]
[-0.81522167 -0.01495471],[0.39039546],-0.015240861715071575,False,[-0.8276721  -0.01245047]
[-0.8276721  -0.01245047],[-0.70081496],-0.049114161150561136,False,[-0.8391966  -0.01152453]
[-0.8391966  -0.01152453],[0.7014686],-0.04920581784379152,False,[-0.8476401  -0.00844346]
[-0.8476401  -0.00844346],[0.21125652],-0.004462931680309645,False,[-0.8537015  -0.00606136]
[-0.8537015  -0.00606136],[0.60597754],-0.0367208773225002,False,[-0.85676336 -0.00306191]
[-0.85676336 -0.00306191],[-0.7108361],-0.050528797883302806,False,[-0.85878855 -0.00202517]
[-0.85878855 -0.00202517],[0.4429471],-0.019620212424897334,False,[-8.5803813e-01  7.5041916e-04]
[-8.5803813e-01  7.5041916e-04],[-0.79048294],-0.06248632757270265,False,[-0.85636526  0.00167284]
[-0.85636526  0.00167284],[-0.19087155],-0.003643194922274362,False,[-0.8528774   0.00348791]
[-0.8528774   0.00348791],[-0.6684936],-0.04468837313476257,False,[-0.8483051   0.00457226]
[-0.8483051   0.00457226],[0.9471697],-0.08971304806189587,False,[-0.84024405  0.00806104]
[-0.84024405  0.00806104],[-0.5261525],-0.027683644438481283,False,[-0.8309388   0.00930525]
[-0.8309388   0.00930525],[-0.13322675],-0.001774936752339329,False,[-0.8198413   0.01109747]
[-0.8198413   0.01109747],[0.91879815],-0.08441900379296818,False,[-0.805425    0.01441635]
[-0.805425    0.01441635],[-0.38555533],-0.014865291013075321,False,[-0.78971624  0.01570873]
[-0.78971624  0.01570873],[-0.36909938],-0.01362343512724351,False,[-0.77277064  0.0169456 ]
[-0.77277064  0.0169456 ],[0.08980806],-0.0008065487949713069,False,[-0.75399077  0.01877986]
[-0.75399077  0.01877986],[-0.9191643],-0.08448630103299735,False,[-0.734996    0.01899472]
[-0.734996    0.01899472],[-0.70012146],-0.049017006203627395,False,[-0.71557015  0.01942586]
[-0.71557015  0.01942586],[-0.43638054],-0.019042797164470306,False,[-0.6954374   0.02013279]
[-0.6954374   0.02013279],[-0.55885226],-0.031231584330351225,False,[-0.6749104   0.02052697]
[-0.6749104   0.02052697],[0.04153008],-0.00017247478658278942,False,[-0.6532249   0.02168553]
[-0.6532249   0.02168553],[-0.6401808],-0.04098314902176412,False,[-0.63155174  0.02167314]
[-0.63155174  0.02167314],[0.5080363],-0.025810089780700096,False,[-0.608321    0.02323076]
[-0.608321    0.02323076],[0.75632274],-0.057202408932290894,False,[-0.5833272   0.02499384]
[-0.5833272   0.02499384],[-0.20437194],-0.0041767891522894954,False,[-0.55819434  0.02513285]
[-0.55819434  0.02513285],[-0.24585146],-0.006044293896752962,False,[-0.53317124  0.02502307]
[-0.53317124  0.02502307],[-0.5496661],-0.030213282885572214,False,[-0.5089009   0.02427036]
[-0.5089009   0.02427036],[0.24694684],-0.006098274251613223,False,[-0.4843703   0.02453058]
[-0.4843703   0.02453058],[-0.2985312],-0.008912088003756313,False,[-0.46058103  0.02378925]
[-0.46058103  0.02378925],[-0.4144242],-0.017174742648627818,False,[-0.43788326  0.02269779]
[-0.43788326  0.02269779],[-0.8033696],-0.06454026847998229,False,[-0.41702634  0.02085693]
[-0.41702634  0.02085693],[-0.22059935],-0.00486640746823106,False,[-0.39728606  0.01974028]
[-0.39728606  0.01974028],[0.38240513],-0.014623368502221812,False,[-0.377897    0.01938906]
[-0.377897    0.01938906],[0.21130225],-0.00446486411186422,False,[-0.3592493   0.01864771]
[-0.3592493   0.01864771],[-0.26179075],-0.006853439804785921,False,[-0.34217754  0.01707174]
[-0.34217754  0.01707174],[-0.8460107],-0.0715734079078402,False,[-0.3276693   0.01450826]
[-0.3276693   0.01450826],[-0.14483948],-0.002097847511709916,False,[-0.3147646   0.01290469]
[-0.3147646   0.01290469],[-0.22602981],-0.005108947649575058,False,[-0.30366474  0.01109986]
[-0.30366474  0.01109986],[-0.7491757],-0.056126427047647455,False,[-0.29522106  0.00844369]
[-0.29522106  0.00844369],[0.11174496],-0.0012486936673773708,False,[-0.28819168  0.00702937]
[-0.28819168  0.00702937],[0.72430015],-0.05246107016446899,False,[-0.28169826  0.00649341]
[-0.28169826  0.00649341],[-0.7522527],-0.05658841215649915,False,[-0.27799237  0.00370588]
[-0.27799237  0.00370588],[0.93759197],-0.08790787021463907,False,[-0.27455994  0.00343243]
[-0.27455994  0.00343243],[-0.7363007],-0.054213873092754744,False,[-0.2739308   0.00062917]
[-0.2739308   0.00062917],[-0.26880193],-0.007225447626348114,False,[-0.2754071  -0.00147631]
[-0.2754071  -0.00147631],[-0.7646047],-0.05846203284386462,False,[-0.27972448 -0.00431737]
[-0.27972448 -0.00431737],[-0.23251015],-0.005406096961070617,False,[-0.2860608  -0.00633633]
[-0.2860608  -0.00633633],[-0.94698006],-0.08967712324218305,False,[-0.29545215 -0.00939133]
[-0.29545215 -0.00939133],[-0.50342786],-0.025343961336660926,False,[-0.3071792  -0.01172707]
[-0.3071792  -0.01172707],[0.03918629],-0.00015355654334206492,False,[-0.320359   -0.01317978]
[-0.320359   -0.01317978],[0.6295333],-0.039631216430484534,False,[-0.33402607 -0.01366707]
[-0.33402607 -0.01366707],[0.1340057],-0.0017957526448264538,False,[-0.3488385  -0.01481245]
[-0.3488385  -0.01481245],[0.03856493],-0.00014872536620807455,False,[-0.3648446  -0.01600607]
[-0.3648446  -0.01600607],[-0.86439323],-0.07471756634222403,False,[-0.38329342 -0.01844882]
[-0.38329342 -0.01844882],[0.3139754],-0.009858054789436112,False,[-0.40229276 -0.01899935]
[-0.40229276 -0.01899935],[0.36774325],-0.013523510064766243,False,[-0.42163032 -0.01933758]
[-0.42163032 -0.01933758],[0.67994],-0.04623183835761324,False,[-0.4407009  -0.01907056]
[-0.4407009  -0.01907056],[0.46256384],-0.02139653084207618,False,[-0.45969296 -0.01899206]
[-0.45969296 -0.01899206],[-0.2983621],-0.008901994634737153,False,[-0.47960892 -0.01991596]
[-0.47960892 -0.01991596],[-0.86042756],-0.07403355832921968,False,[-0.50114447 -0.02153557]
[-0.50114447 -0.02153557],[0.9384028],-0.08805997624030085,False,[-0.52144074 -0.02029625]
[-0.52144074 -0.02029625],[0.3430297],-0.011766938034431096,False,[-0.5412386  -0.01979789]
[-0.5412386  -0.01979789],[0.7059109],-0.04983102285237351,False,[-0.5598454  -0.01860678]
[-0.5598454  -0.01860678],[0.75245196],-0.056618394649774834,False,[-0.5770522  -0.01720679]
[-0.5770522  -0.01720679],[-0.23412593],-0.005481494973605394,False,[-0.594211  -0.0171588]
[-0.594211  -0.0171588],[-0.16136602],-0.0026038991014076807,False,[-0.6110862  -0.01687521]
[-0.6110862  -0.01687521],[-0.85375494],-0.07288974935596607,False,[-0.6285934  -0.01750719]
[-0.6285934  -0.01750719],[-0.31929514],-0.010194938522748576,False,[-0.645805   -0.01721163]
[-0.645805   -0.01721163],[0.40682498],-0.016550656126487075,False,[-0.6615102  -0.01570524]
[-0.6615102  -0.01570524],[0.93472046],-0.08737023319868663,False,[-0.6748083  -0.01329808]
[-0.6748083  -0.01329808],[-0.47273982],-0.02234829333593922,False,[-0.68771994 -0.01291161]
[-0.68771994 -0.01291161],[0.06339308],-0.0004018682432695153,False,[-0.6993547  -0.01163475]
[-0.6993547  -0.01163475],[0.88163733],-0.07772843901548754,False,[-0.7084091  -0.00905436]
[-0.7084091  -0.00905436],[-0.3253317],-0.010584070716959104,False,[-0.7166353  -0.00822621]
[-0.7166353  -0.00822621],[0.5611422],-0.031488057557004366,False,[-0.7226516 -0.0060163]
[-0.7226516 -0.0060163],[0.06778477],-0.0004594775223339065,False,[-0.72716045 -0.00450888]
[-0.72716045 -0.00450888],[0.94998676],-0.09024748362864764,False,[-0.7288108  -0.00165033]
[-0.7288108  -0.00165033],[-0.43969738],-0.019333379023011334,False,[-0.72967696 -0.00086618]
[-0.72967696 -0.00086618],[-0.6865951],-0.04714128070152271,False,[-7.3012406e-01 -4.4708056e-04]
[-7.3012406e-01 -4.4708056e-04],[-0.32720846],-0.010706537588805888,False,[-7.296102e-01  5.138315e-04]
[-7.296102e-01  5.138315e-04],[-0.07428597],-0.0005518405210793498,False,[-0.72775924  0.00185099]
[-0.72775924  0.00185099],[-0.191987],-0.0036859005463983022,False,[-0.724759    0.00300026]
[-0.724759    0.00300026],[0.49768046],-0.024768583573318015,False,[-0.7195934   0.00516556]
[-0.7195934   0.00516556],[-0.3327454],-0.01107195032518229,False,[-0.71354026  0.00605315]
[-0.71354026  0.00605315],[-0.67341226],-0.04534840764886248,False,[-0.7071485   0.00639174]
[-0.7071485   0.00639174],[0.55373245],-0.03066196314731009,False,[-0.69861805  0.00853044]
[-0.69861805  0.00853044],[-0.20496354],-0.004201005070856301,False,[-0.6891419   0.00947615]
[-0.6891419   0.00947615],[0.9897723],-0.09796492450298047,False,[-0.67699     0.01215198]
[-0.67699     0.01215198],[-0.7057339],-0.04980603309778786,False,[-0.66478634  0.01220363]
[-0.66478634  0.01220363],[0.47973418],-0.02301448857224955,False,[-0.6508356   0.01395076]
[-0.6508356   0.01395076],[0.49016118],-0.024025798286544386,False,[-0.6352183   0.01561727]
[-0.6352183   0.01561727],[-0.5353487],-0.028659824493687227,False,[-0.6195825   0.01563584]
[-0.6195825   0.01563584],[0.7976173],-0.06361933831755238,False,[-0.60204023  0.01754224]
[-0.60204023  0.01754224],[0.7529644],-0.05669553536382779,False,[-0.58278567  0.01925458]
[-0.58278567  0.01925458],[0.4326967],-0.01872264342740806,False,[-0.56244045  0.0203452 ]
[-0.56244045  0.0203452 ],[0.35180783],-0.012376875116166275,False,[-0.5412769   0.02116356]
[-0.5412769   0.02116356],[-0.41489697],-0.017213949158849575,False,[-0.5206031   0.02067374]
[-0.5206031   0.02067374],[-0.7530895],-0.05671437762623022,False,[-0.50108147  0.01952164]
[-0.50108147  0.01952164],[-0.32573155],-0.010610103985546094,False,[-0.48221716  0.01886429]
[-0.48221716  0.01886429],[0.1116562],-0.0012467106197959822,False,[-0.46349496  0.01872221]
[-0.46349496  0.01872221],[0.23294596],-0.005426382202291991,False,[-0.44487166  0.01862329]
[-0.44487166  0.01862329],[-0.07480814],-0.0005596257156242013,False,[-0.42694557  0.0179261 ]
[-0.42694557  0.0179261 ],[0.19220415],-0.0036942434345911047,False,[-0.40944594  0.01749962]
[-0.40944594  0.01749962],[-0.07673636],-0.0005888469067039104,False,[-0.39290094  0.01654501]
[-0.39290094  0.01654501],[-0.3241333],-0.010506240053931838,False,[-0.37779745  0.0151035 ]
[-0.37779745  0.0151035 ],[0.93110865],-0.08669633247070899,False,[-0.36235628  0.01544119]
[-0.36235628  0.01544119],[0.9262174],-0.08578786298009825,False,[-0.34668848  0.01566781]
[-0.34668848  0.01566781],[0.5912365],-0.034956056597651754,False,[-0.33139923  0.01528925]
[-0.33139923  0.01528925],[0.96187323],-0.09252001169742563,False,[-0.3160301   0.01536912]
[-0.3160301   0.01536912],[0.39797193],-0.01583816555712794,False,[-0.30152214  0.01450799]
[-0.30152214  0.01450799],[-0.9771633],-0.09548481438287126,False,[-0.29002497  0.01149718]
[-0.29002497  0.01149718],[0.08601391],-0.0007398393256167424,False,[-0.2800107   0.01001428]
[-0.2800107   0.01001428],[-0.43989685],-0.019350924020422246,False,[-0.27232486  0.00768584]
[-0.27232486  0.00768584],[-0.04728891],-0.00022362406145221144,False,[-0.26642102  0.00590383]
[-0.26642102  0.00590383],[-0.898048],-0.08064901809313518,False,[-0.26360735  0.00281367]
[-0.26360735  0.00281367],[-0.20193915],-0.00407794205818155,False,[-0.26285475  0.00075261]
[-0.26285475  0.00075261],[-0.22244051],-0.004947978092870731,False,[-0.26419798 -0.00134321]
[-0.26419798 -0.00134321],[0.11284815],-0.0012734704450583446,False,[-0.26712692 -0.00292894]
[-0.26712692 -0.00292894],[0.3736718],-0.013963061403912125,False,[-0.27123463 -0.00410772]
[-0.27123463 -0.00410772],[-0.9656386],-0.09324578632022772,False,[-0.27850783 -0.00727321]
[-0.27850783 -0.00727321],[0.26326704],-0.006930953448340916,False,[-0.28706312 -0.00855528]
[-0.28706312 -0.00855528],[-0.9145852],-0.08364660389092969,False,[-0.29861912 -0.011556  ]
[-0.29861912 -0.011556  ],[0.14848548],-0.0022047938287276026,False,[-0.31151453 -0.0128954 ]
[-0.31151453 -0.0128954 ],[-0.8341283],-0.06957700545882553,False,[-0.3271466  -0.01563205]
[-0.3271466  -0.01563205],[-0.5471625],-0.029938677208025767,False,[-0.34498894 -0.01784236]
[-0.34498894 -0.01784236],[-0.22481932],-0.00505437255032073,False,[-0.3644449  -0.01945598]
[-0.3644449  -0.01945598],[-0.01245514],-1.551305416097916e-05,False,[-0.3850684  -0.02062348]
[-0.3850684  -0.02062348],[-0.9161022],-0.08392431876087017,False,[-0.40807533 -0.02300696]
[-0.40807533 -0.02300696],[-0.89110893],-0.07940751253234489,False,[-0.43326813 -0.0251928 ]
[-0.43326813 -0.0251928 ],[0.8689017],-0.07549902156736153,False,[-0.4578268  -0.02455867]
[-0.4578268  -0.02455867],[-0.2711674],-0.007353175746642649,False,[-0.4832823  -0.02545552]
[-0.4832823  -0.02545552],[0.26096275],-0.006810155922995964,False,[-0.508648   -0.02536571]
[-0.508648   -0.02536571],[0.365977],-0.013393915667458955,False,[-0.5335768  -0.02492884]
[-0.5335768  -0.02492884],[0.75434273],-0.05690329615661974,False,[-0.55729926 -0.0237225 ]
[-0.55729926 -0.0237225 ],[0.9031546],-0.08156882524318121,False,[-0.5794147  -0.02211544]
[-0.5794147  -0.02211544],[0.64338124],-0.04139394173894431,False,[-0.60014844 -0.0207337 ]
[-0.60014844 -0.0207337 ],[-0.00986801],-9.737765708003974e-06,False,[-0.62032783 -0.02017942]
[-0.62032783 -0.02017942],[-0.37986353],-0.014429630172598795,False,[-0.6403617  -0.02003388]
[-0.6403617  -0.02003388],[0.45043352],-0.020289035815828617,False,[-0.65886205 -0.01850031]
[-0.65886205 -0.01850031],[-0.3957434],-0.015661283853154462,False,[-0.6769691  -0.01810706]
[-0.6769691  -0.01810706],[0.966998],-0.09350850953963033,False,[-0.69251555 -0.01554645]
[-0.69251555 -0.01554645],[0.6015331],-0.03618420883334785,False,[-0.7059463 -0.0134308]
[-0.7059463 -0.0134308],[-0.9195431],-0.08455594897367612,False,[-0.719456   -0.01350971]
[-0.719456   -0.01350971],[-0.9088007],-0.08259187507964186,False,[-0.73294306 -0.01348705]
[-0.73294306 -0.01348705],[0.5027831],-0.025279086543364217,False,[-0.744207   -0.01126399]
[-0.744207   -0.01126399],[-0.8882891],-0.07890575144682686,False,[-0.7552671  -0.01106003]
[-0.7552671  -0.01106003],[-0.17223804],-0.0029665941386225695,False,[-0.7649845  -0.00971742]
[-0.7649845  -0.00971742],[-0.2723253],-0.007416107290389196,False,[-0.7734541  -0.00846964]
[-0.7734541  -0.00846964],[0.91445637],-0.08362304480478998,False,[-0.77884877 -0.00539466]
[-0.77884877 -0.00539466],[0.16216785],-0.0026298410651381943,False,[-0.78226745 -0.00341871]
[-0.78226745 -0.00341871],[-0.19975063],-0.003990031500343694,False,[-0.7842347  -0.00196725]
[-0.7842347  -0.00196725],[0.7111283],-0.05057034511928613,False,[-0.78337365  0.00086103]
[-0.78337365  0.00086103],[-0.66114146],-0.04371080237489231,False,[-0.78174734  0.00162631]
[-0.78174734  0.00162631],[0.05035862],-0.00025359905620681163,False,[-0.7782972   0.00345015]
[-0.7782972   0.00345015],[-0.8694181],-0.0755887805866795,False,[-0.77442145  0.00387573]
[-0.77442145  0.00387573],[0.54239786],-0.029419543496614155,False,[-0.7680235   0.00639794]
[-0.7680235   0.00639794],[0.5750552],-0.033068846232220395,False,[-0.7590897   0.00893378]
[-0.7590897   0.00893378],[0.3493843],-0.012206939457973931,False,[-0.74800897  0.01108075]
[-0.74800897  0.01108075],[-0.8925431],-0.0796633145137605,True,[-0.7367082   0.01130072]
[-0.7367082   0.01130072],[-0.6540487],-0.042777967745684015,False,[-0.41621628 -0.00178527]
